Repo,CommitHash,TimeStamp,Language,Files,Lines,Code,Comments,Blanks
tsne-mp,1c443030fa84761d9aae79a8e261d5ab3691dcb9,1534871165,Autoconf,1,6,6,0,0
tsne-mp,1c443030fa84761d9aae79a8e261d5ab3691dcb9,1534871165,C Header,3,454,261,124,69
tsne-mp,1c443030fa84761d9aae79a8e261d5ab3691dcb9,1534871165,CMake,1,16,9,0,7
tsne-mp,1c443030fa84761d9aae79a8e261d5ab3691dcb9,1534871165,C++,2,1263,853,206,204
tsne-mp,1c443030fa84761d9aae79a8e261d5ab3691dcb9,1534871165,Dockerfile,4,95,36,29,30
tsne-mp,1c443030fa84761d9aae79a8e261d5ab3691dcb9,1534871165,Makefile,1,14,11,0,3
tsne-mp,1c443030fa84761d9aae79a8e261d5ab3691dcb9,1534871165,Markdown,4,258,258,0,0
tsne-mp,1c443030fa84761d9aae79a8e261d5ab3691dcb9,1534871165,Notebook,2,1160,1160,0,0
tsne-mp,1c443030fa84761d9aae79a8e261d5ab3691dcb9,1534871165,Objective C,1,115,105,0,10
tsne-mp,1c443030fa84761d9aae79a8e261d5ab3691dcb9,1534871165,Python,11,2906,2192,239,475
tsne-mp,1c443030fa84761d9aae79a8e261d5ab3691dcb9,1534871165,Shell,9,104,61,15,28
tsne-mp,1c443030fa84761d9aae79a8e261d5ab3691dcb9,1534871165,Plain Text,2,30,30,0,0
tsne-mp,1c443030fa84761d9aae79a8e261d5ab3691dcb9,1534871165,Total,41,6421,4982,613,826
tsne-mp,22c0e2ce5742d3b2567bf80bd4bf064c57ec3bf3,1534526164,Autoconf,1,6,6,0,0
tsne-mp,22c0e2ce5742d3b2567bf80bd4bf064c57ec3bf3,1534526164,C Header,3,454,261,124,69
tsne-mp,22c0e2ce5742d3b2567bf80bd4bf064c57ec3bf3,1534526164,CMake,1,16,9,0,7
tsne-mp,22c0e2ce5742d3b2567bf80bd4bf064c57ec3bf3,1534526164,C++,2,1263,853,206,204
tsne-mp,22c0e2ce5742d3b2567bf80bd4bf064c57ec3bf3,1534526164,Dockerfile,4,95,36,29,30
tsne-mp,22c0e2ce5742d3b2567bf80bd4bf064c57ec3bf3,1534526164,Makefile,1,14,11,0,3
tsne-mp,22c0e2ce5742d3b2567bf80bd4bf064c57ec3bf3,1534526164,Markdown,4,253,253,0,0
tsne-mp,22c0e2ce5742d3b2567bf80bd4bf064c57ec3bf3,1534526164,Notebook,2,1160,1160,0,0
tsne-mp,22c0e2ce5742d3b2567bf80bd4bf064c57ec3bf3,1534526164,Objective C,1,115,105,0,10
tsne-mp,22c0e2ce5742d3b2567bf80bd4bf064c57ec3bf3,1534526164,Python,11,2890,2177,239,474
tsne-mp,22c0e2ce5742d3b2567bf80bd4bf064c57ec3bf3,1534526164,Shell,9,104,61,15,28
tsne-mp,22c0e2ce5742d3b2567bf80bd4bf064c57ec3bf3,1534526164,Plain Text,2,30,30,0,0
tsne-mp,22c0e2ce5742d3b2567bf80bd4bf064c57ec3bf3,1534526164,Total,41,6400,4962,613,825
tsne-mp,ba07bc19374f3f18abed9f73daec554057866931,1534449834,Autoconf,1,6,6,0,0
tsne-mp,ba07bc19374f3f18abed9f73daec554057866931,1534449834,C Header,3,454,261,124,69
tsne-mp,ba07bc19374f3f18abed9f73daec554057866931,1534449834,CMake,1,16,9,0,7
tsne-mp,ba07bc19374f3f18abed9f73daec554057866931,1534449834,C++,2,1261,853,203,205
tsne-mp,ba07bc19374f3f18abed9f73daec554057866931,1534449834,Dockerfile,3,31,23,0,8
tsne-mp,ba07bc19374f3f18abed9f73daec554057866931,1534449834,Makefile,1,14,11,0,3
tsne-mp,ba07bc19374f3f18abed9f73daec554057866931,1534449834,Markdown,4,207,207,0,0
tsne-mp,ba07bc19374f3f18abed9f73daec554057866931,1534449834,Notebook,2,1160,1160,0,0
tsne-mp,ba07bc19374f3f18abed9f73daec554057866931,1534449834,Objective C,1,115,105,0,10
tsne-mp,ba07bc19374f3f18abed9f73daec554057866931,1534449834,Python,11,2884,2173,237,474
tsne-mp,ba07bc19374f3f18abed9f73daec554057866931,1534449834,Shell,9,104,61,15,28
tsne-mp,ba07bc19374f3f18abed9f73daec554057866931,1534449834,Plain Text,2,31,31,0,0
tsne-mp,ba07bc19374f3f18abed9f73daec554057866931,1534449834,Total,40,6283,4900,579,804
tsne-mp,563ce354b695bef2f017c2545d7996a090b5fc2c,1534449757,Autoconf,1,6,6,0,0
tsne-mp,563ce354b695bef2f017c2545d7996a090b5fc2c,1534449757,C Header,3,454,261,124,69
tsne-mp,563ce354b695bef2f017c2545d7996a090b5fc2c,1534449757,CMake,1,16,9,0,7
tsne-mp,563ce354b695bef2f017c2545d7996a090b5fc2c,1534449757,C++,2,1261,853,203,205
tsne-mp,563ce354b695bef2f017c2545d7996a090b5fc2c,1534449757,Dockerfile,3,31,23,0,8
tsne-mp,563ce354b695bef2f017c2545d7996a090b5fc2c,1534449757,Makefile,1,14,11,0,3
tsne-mp,563ce354b695bef2f017c2545d7996a090b5fc2c,1534449757,Markdown,4,207,207,0,0
tsne-mp,563ce354b695bef2f017c2545d7996a090b5fc2c,1534449757,Notebook,2,1160,1160,0,0
tsne-mp,563ce354b695bef2f017c2545d7996a090b5fc2c,1534449757,Objective C,1,115,105,0,10
tsne-mp,563ce354b695bef2f017c2545d7996a090b5fc2c,1534449757,Python,11,2884,2173,237,474
tsne-mp,563ce354b695bef2f017c2545d7996a090b5fc2c,1534449757,Shell,9,104,61,15,28
tsne-mp,563ce354b695bef2f017c2545d7996a090b5fc2c,1534449757,Plain Text,2,30,30,0,0
tsne-mp,563ce354b695bef2f017c2545d7996a090b5fc2c,1534449757,Total,40,6282,4899,579,804
tsne-mp,19ae10abb27ac7d99e924e0036e82eba78905494,1534437910,Autoconf,1,6,6,0,0
tsne-mp,19ae10abb27ac7d99e924e0036e82eba78905494,1534437910,C Header,3,454,261,124,69
tsne-mp,19ae10abb27ac7d99e924e0036e82eba78905494,1534437910,CMake,1,16,9,0,7
tsne-mp,19ae10abb27ac7d99e924e0036e82eba78905494,1534437910,C++,2,1261,853,203,205
tsne-mp,19ae10abb27ac7d99e924e0036e82eba78905494,1534437910,Dockerfile,3,31,23,0,8
tsne-mp,19ae10abb27ac7d99e924e0036e82eba78905494,1534437910,Makefile,1,14,11,0,3
tsne-mp,19ae10abb27ac7d99e924e0036e82eba78905494,1534437910,Markdown,4,207,207,0,0
tsne-mp,19ae10abb27ac7d99e924e0036e82eba78905494,1534437910,Notebook,2,1160,1160,0,0
tsne-mp,19ae10abb27ac7d99e924e0036e82eba78905494,1534437910,Objective C,1,115,105,0,10
tsne-mp,19ae10abb27ac7d99e924e0036e82eba78905494,1534437910,Python,11,2884,2173,237,474
tsne-mp,19ae10abb27ac7d99e924e0036e82eba78905494,1534437910,Shell,9,104,61,15,28
tsne-mp,19ae10abb27ac7d99e924e0036e82eba78905494,1534437910,Plain Text,2,30,30,0,0
tsne-mp,19ae10abb27ac7d99e924e0036e82eba78905494,1534437910,Total,40,6282,4899,579,804
tsne-mp,2b330d19a12fe850f3d3c7e3cb3f1c632f470c90,1534437869,Autoconf,1,6,6,0,0
tsne-mp,2b330d19a12fe850f3d3c7e3cb3f1c632f470c90,1534437869,C Header,3,454,261,124,69
tsne-mp,2b330d19a12fe850f3d3c7e3cb3f1c632f470c90,1534437869,CMake,1,16,9,0,7
tsne-mp,2b330d19a12fe850f3d3c7e3cb3f1c632f470c90,1534437869,C++,2,1261,853,203,205
tsne-mp,2b330d19a12fe850f3d3c7e3cb3f1c632f470c90,1534437869,Dockerfile,3,31,23,0,8
tsne-mp,2b330d19a12fe850f3d3c7e3cb3f1c632f470c90,1534437869,Makefile,1,14,11,0,3
tsne-mp,2b330d19a12fe850f3d3c7e3cb3f1c632f470c90,1534437869,Markdown,4,207,207,0,0
tsne-mp,2b330d19a12fe850f3d3c7e3cb3f1c632f470c90,1534437869,Notebook,2,1160,1160,0,0
tsne-mp,2b330d19a12fe850f3d3c7e3cb3f1c632f470c90,1534437869,Objective C,1,115,105,0,10
tsne-mp,2b330d19a12fe850f3d3c7e3cb3f1c632f470c90,1534437869,Python,11,2884,2173,237,474
tsne-mp,2b330d19a12fe850f3d3c7e3cb3f1c632f470c90,1534437869,Shell,9,104,61,15,28
tsne-mp,2b330d19a12fe850f3d3c7e3cb3f1c632f470c90,1534437869,Plain Text,2,30,30,0,0
tsne-mp,2b330d19a12fe850f3d3c7e3cb3f1c632f470c90,1534437869,Total,40,6282,4899,579,804
tsne-mp,d8e8fea481fc1761b2aa40863787dc886927b101,1534437854,Autoconf,1,6,6,0,0
tsne-mp,d8e8fea481fc1761b2aa40863787dc886927b101,1534437854,C Header,3,454,261,124,69
tsne-mp,d8e8fea481fc1761b2aa40863787dc886927b101,1534437854,CMake,1,16,9,0,7
tsne-mp,d8e8fea481fc1761b2aa40863787dc886927b101,1534437854,C++,2,1261,853,203,205
tsne-mp,d8e8fea481fc1761b2aa40863787dc886927b101,1534437854,Dockerfile,3,31,23,0,8
tsne-mp,d8e8fea481fc1761b2aa40863787dc886927b101,1534437854,Makefile,1,14,11,0,3
tsne-mp,d8e8fea481fc1761b2aa40863787dc886927b101,1534437854,Markdown,4,207,207,0,0
tsne-mp,d8e8fea481fc1761b2aa40863787dc886927b101,1534437854,Notebook,2,1160,1160,0,0
tsne-mp,d8e8fea481fc1761b2aa40863787dc886927b101,1534437854,Objective C,1,115,105,0,10
tsne-mp,d8e8fea481fc1761b2aa40863787dc886927b101,1534437854,Python,11,2884,2173,237,474
tsne-mp,d8e8fea481fc1761b2aa40863787dc886927b101,1534437854,Shell,9,104,61,15,28
tsne-mp,d8e8fea481fc1761b2aa40863787dc886927b101,1534437854,Plain Text,2,30,30,0,0
tsne-mp,d8e8fea481fc1761b2aa40863787dc886927b101,1534437854,Total,40,6282,4899,579,804
tsne-mp,2d0ff804c2740c9467e9fb007fe56a92657c125b,1534384829,Autoconf,1,6,6,0,0
tsne-mp,2d0ff804c2740c9467e9fb007fe56a92657c125b,1534384829,C Header,3,454,261,124,69
tsne-mp,2d0ff804c2740c9467e9fb007fe56a92657c125b,1534384829,CMake,1,16,9,0,7
tsne-mp,2d0ff804c2740c9467e9fb007fe56a92657c125b,1534384829,C++,2,1261,853,203,205
tsne-mp,2d0ff804c2740c9467e9fb007fe56a92657c125b,1534384829,Dockerfile,3,31,23,0,8
tsne-mp,2d0ff804c2740c9467e9fb007fe56a92657c125b,1534384829,Makefile,1,14,11,0,3
tsne-mp,2d0ff804c2740c9467e9fb007fe56a92657c125b,1534384829,Markdown,4,207,207,0,0
tsne-mp,2d0ff804c2740c9467e9fb007fe56a92657c125b,1534384829,Notebook,2,1160,1160,0,0
tsne-mp,2d0ff804c2740c9467e9fb007fe56a92657c125b,1534384829,Objective C,1,115,105,0,10
tsne-mp,2d0ff804c2740c9467e9fb007fe56a92657c125b,1534384829,Python,11,2884,2173,237,474
tsne-mp,2d0ff804c2740c9467e9fb007fe56a92657c125b,1534384829,Shell,9,104,61,15,28
tsne-mp,2d0ff804c2740c9467e9fb007fe56a92657c125b,1534384829,Plain Text,2,30,30,0,0
tsne-mp,2d0ff804c2740c9467e9fb007fe56a92657c125b,1534384829,Total,40,6282,4899,579,804
tsne-mp,cf8418b5d13d3b2a8175edc4d1032ff29e64ff5a,1534384231,Autoconf,1,6,6,0,0
tsne-mp,cf8418b5d13d3b2a8175edc4d1032ff29e64ff5a,1534384231,C Header,3,454,261,124,69
tsne-mp,cf8418b5d13d3b2a8175edc4d1032ff29e64ff5a,1534384231,CMake,1,16,9,0,7
tsne-mp,cf8418b5d13d3b2a8175edc4d1032ff29e64ff5a,1534384231,C++,2,1261,853,203,205
tsne-mp,cf8418b5d13d3b2a8175edc4d1032ff29e64ff5a,1534384231,Dockerfile,3,31,23,0,8
tsne-mp,cf8418b5d13d3b2a8175edc4d1032ff29e64ff5a,1534384231,Makefile,1,14,11,0,3
tsne-mp,cf8418b5d13d3b2a8175edc4d1032ff29e64ff5a,1534384231,Markdown,4,218,218,0,0
tsne-mp,cf8418b5d13d3b2a8175edc4d1032ff29e64ff5a,1534384231,Notebook,2,1160,1160,0,0
tsne-mp,cf8418b5d13d3b2a8175edc4d1032ff29e64ff5a,1534384231,Objective C,1,115,105,0,10
tsne-mp,cf8418b5d13d3b2a8175edc4d1032ff29e64ff5a,1534384231,Python,11,2884,2173,237,474
tsne-mp,cf8418b5d13d3b2a8175edc4d1032ff29e64ff5a,1534384231,Shell,9,104,61,15,28
tsne-mp,cf8418b5d13d3b2a8175edc4d1032ff29e64ff5a,1534384231,Plain Text,2,30,30,0,0
tsne-mp,cf8418b5d13d3b2a8175edc4d1032ff29e64ff5a,1534384231,Total,40,6293,4910,579,804
tsne-mp,555ceb75f5c113338b1621692f84f5ab42dfb777,1534383812,Autoconf,1,6,6,0,0
tsne-mp,555ceb75f5c113338b1621692f84f5ab42dfb777,1534383812,C Header,3,454,261,124,69
tsne-mp,555ceb75f5c113338b1621692f84f5ab42dfb777,1534383812,CMake,1,16,9,0,7
tsne-mp,555ceb75f5c113338b1621692f84f5ab42dfb777,1534383812,C++,2,1261,853,203,205
tsne-mp,555ceb75f5c113338b1621692f84f5ab42dfb777,1534383812,Dockerfile,3,31,23,0,8
tsne-mp,555ceb75f5c113338b1621692f84f5ab42dfb777,1534383812,Makefile,1,14,11,0,3
tsne-mp,555ceb75f5c113338b1621692f84f5ab42dfb777,1534383812,Markdown,4,218,218,0,0
tsne-mp,555ceb75f5c113338b1621692f84f5ab42dfb777,1534383812,Notebook,2,1160,1160,0,0
tsne-mp,555ceb75f5c113338b1621692f84f5ab42dfb777,1534383812,Objective C,1,115,105,0,10
tsne-mp,555ceb75f5c113338b1621692f84f5ab42dfb777,1534383812,Python,11,2884,2173,237,474
tsne-mp,555ceb75f5c113338b1621692f84f5ab42dfb777,1534383812,Shell,9,104,61,15,28
tsne-mp,555ceb75f5c113338b1621692f84f5ab42dfb777,1534383812,Plain Text,2,30,30,0,0
tsne-mp,555ceb75f5c113338b1621692f84f5ab42dfb777,1534383812,Total,40,6293,4910,579,804
tsne-mp,1e689d23419afebeac04ff868d0de63343b6eeab,1534383856,Autoconf,1,6,6,0,0
tsne-mp,1e689d23419afebeac04ff868d0de63343b6eeab,1534383856,C Header,3,454,261,124,69
tsne-mp,1e689d23419afebeac04ff868d0de63343b6eeab,1534383856,CMake,1,16,9,0,7
tsne-mp,1e689d23419afebeac04ff868d0de63343b6eeab,1534383856,C++,2,1261,853,203,205
tsne-mp,1e689d23419afebeac04ff868d0de63343b6eeab,1534383856,Dockerfile,3,31,23,0,8
tsne-mp,1e689d23419afebeac04ff868d0de63343b6eeab,1534383856,Makefile,1,14,11,0,3
tsne-mp,1e689d23419afebeac04ff868d0de63343b6eeab,1534383856,Markdown,4,218,218,0,0
tsne-mp,1e689d23419afebeac04ff868d0de63343b6eeab,1534383856,Notebook,2,1160,1160,0,0
tsne-mp,1e689d23419afebeac04ff868d0de63343b6eeab,1534383856,Objective C,1,115,105,0,10
tsne-mp,1e689d23419afebeac04ff868d0de63343b6eeab,1534383856,Python,11,2884,2173,237,474
tsne-mp,1e689d23419afebeac04ff868d0de63343b6eeab,1534383856,Shell,9,104,61,15,28
tsne-mp,1e689d23419afebeac04ff868d0de63343b6eeab,1534383856,Plain Text,2,30,30,0,0
tsne-mp,1e689d23419afebeac04ff868d0de63343b6eeab,1534383856,Total,40,6293,4910,579,804
tsne-mp,188b77c41c714a62747df433efb0f882825c4e74,1534383776,Autoconf,1,6,6,0,0
tsne-mp,188b77c41c714a62747df433efb0f882825c4e74,1534383776,C Header,3,454,261,124,69
tsne-mp,188b77c41c714a62747df433efb0f882825c4e74,1534383776,CMake,1,16,9,0,7
tsne-mp,188b77c41c714a62747df433efb0f882825c4e74,1534383776,C++,2,1261,853,203,205
tsne-mp,188b77c41c714a62747df433efb0f882825c4e74,1534383776,Dockerfile,3,31,23,0,8
tsne-mp,188b77c41c714a62747df433efb0f882825c4e74,1534383776,Makefile,1,14,11,0,3
tsne-mp,188b77c41c714a62747df433efb0f882825c4e74,1534383776,Markdown,4,212,212,0,0
tsne-mp,188b77c41c714a62747df433efb0f882825c4e74,1534383776,Notebook,2,1160,1160,0,0
tsne-mp,188b77c41c714a62747df433efb0f882825c4e74,1534383776,Objective C,1,115,105,0,10
tsne-mp,188b77c41c714a62747df433efb0f882825c4e74,1534383776,Python,11,2892,2180,237,475
tsne-mp,188b77c41c714a62747df433efb0f882825c4e74,1534383776,Shell,9,104,61,15,28
tsne-mp,188b77c41c714a62747df433efb0f882825c4e74,1534383776,Plain Text,2,30,30,0,0
tsne-mp,188b77c41c714a62747df433efb0f882825c4e74,1534383776,Total,40,6295,4911,579,805
tsne-mp,5f60e6784203a2b0509d38c24cc5a3d50cac42d2,1534383061,Autoconf,1,6,6,0,0
tsne-mp,5f60e6784203a2b0509d38c24cc5a3d50cac42d2,1534383061,C Header,3,454,261,124,69
tsne-mp,5f60e6784203a2b0509d38c24cc5a3d50cac42d2,1534383061,CMake,1,16,9,0,7
tsne-mp,5f60e6784203a2b0509d38c24cc5a3d50cac42d2,1534383061,C++,2,1261,853,203,205
tsne-mp,5f60e6784203a2b0509d38c24cc5a3d50cac42d2,1534383061,Dockerfile,3,31,23,0,8
tsne-mp,5f60e6784203a2b0509d38c24cc5a3d50cac42d2,1534383061,Makefile,1,14,11,0,3
tsne-mp,5f60e6784203a2b0509d38c24cc5a3d50cac42d2,1534383061,Markdown,4,212,212,0,0
tsne-mp,5f60e6784203a2b0509d38c24cc5a3d50cac42d2,1534383061,Notebook,2,1160,1160,0,0
tsne-mp,5f60e6784203a2b0509d38c24cc5a3d50cac42d2,1534383061,Objective C,1,115,105,0,10
tsne-mp,5f60e6784203a2b0509d38c24cc5a3d50cac42d2,1534383061,Python,11,2892,2180,237,475
tsne-mp,5f60e6784203a2b0509d38c24cc5a3d50cac42d2,1534383061,Shell,8,88,51,14,23
tsne-mp,5f60e6784203a2b0509d38c24cc5a3d50cac42d2,1534383061,Plain Text,2,30,30,0,0
tsne-mp,5f60e6784203a2b0509d38c24cc5a3d50cac42d2,1534383061,Total,39,6279,4901,578,800
tsne-mp,bb6fedb5f537d9a6828fbbab469cf98f7ea2b16e,1534382717,Autoconf,1,6,6,0,0
tsne-mp,bb6fedb5f537d9a6828fbbab469cf98f7ea2b16e,1534382717,C Header,3,454,261,124,69
tsne-mp,bb6fedb5f537d9a6828fbbab469cf98f7ea2b16e,1534382717,CMake,1,16,9,0,7
tsne-mp,bb6fedb5f537d9a6828fbbab469cf98f7ea2b16e,1534382717,C++,2,1261,853,203,205
tsne-mp,bb6fedb5f537d9a6828fbbab469cf98f7ea2b16e,1534382717,Dockerfile,3,31,23,0,8
tsne-mp,bb6fedb5f537d9a6828fbbab469cf98f7ea2b16e,1534382717,Makefile,1,14,11,0,3
tsne-mp,bb6fedb5f537d9a6828fbbab469cf98f7ea2b16e,1534382717,Markdown,4,210,210,0,0
tsne-mp,bb6fedb5f537d9a6828fbbab469cf98f7ea2b16e,1534382717,Notebook,2,1160,1160,0,0
tsne-mp,bb6fedb5f537d9a6828fbbab469cf98f7ea2b16e,1534382717,Objective C,1,115,105,0,10
tsne-mp,bb6fedb5f537d9a6828fbbab469cf98f7ea2b16e,1534382717,Python,11,2892,2180,237,475
tsne-mp,bb6fedb5f537d9a6828fbbab469cf98f7ea2b16e,1534382717,Shell,8,88,51,14,23
tsne-mp,bb6fedb5f537d9a6828fbbab469cf98f7ea2b16e,1534382717,Plain Text,2,30,30,0,0
tsne-mp,bb6fedb5f537d9a6828fbbab469cf98f7ea2b16e,1534382717,Total,39,6277,4899,578,800
tsne-mp,662d9f231fc157bd176d5071276da44e471c551c,1491600924,Autoconf,1,6,6,0,0
tsne-mp,662d9f231fc157bd176d5071276da44e471c551c,1491600924,C Header,3,454,261,124,69
tsne-mp,662d9f231fc157bd176d5071276da44e471c551c,1491600924,CMake,1,16,9,0,7
tsne-mp,662d9f231fc157bd176d5071276da44e471c551c,1491600924,C++,2,1261,853,203,205
tsne-mp,662d9f231fc157bd176d5071276da44e471c551c,1491600924,Dockerfile,3,68,30,18,20
tsne-mp,662d9f231fc157bd176d5071276da44e471c551c,1491600924,Makefile,1,14,11,0,3
tsne-mp,662d9f231fc157bd176d5071276da44e471c551c,1491600924,Markdown,3,209,209,0,0
tsne-mp,662d9f231fc157bd176d5071276da44e471c551c,1491600924,Notebook,2,1160,1160,0,0
tsne-mp,662d9f231fc157bd176d5071276da44e471c551c,1491600924,Objective C,1,115,105,0,10
tsne-mp,662d9f231fc157bd176d5071276da44e471c551c,1491600924,Python,12,2970,2230,252,488
tsne-mp,662d9f231fc157bd176d5071276da44e471c551c,1491600924,Shell,1,4,2,1,1
tsne-mp,662d9f231fc157bd176d5071276da44e471c551c,1491600924,Plain Text,2,33,33,0,0
tsne-mp,662d9f231fc157bd176d5071276da44e471c551c,1491600924,YAML,1,14,14,0,0
tsne-mp,662d9f231fc157bd176d5071276da44e471c551c,1491600924,Total,33,6324,4923,598,803
tsne-mp,19563f2c738572ddd53d7ad189450023f46e160e,1491272586,Autoconf,1,6,6,0,0
tsne-mp,19563f2c738572ddd53d7ad189450023f46e160e,1491272586,C Header,3,454,261,124,69
tsne-mp,19563f2c738572ddd53d7ad189450023f46e160e,1491272586,CMake,1,16,9,0,7
tsne-mp,19563f2c738572ddd53d7ad189450023f46e160e,1491272586,C++,2,1261,853,203,205
tsne-mp,19563f2c738572ddd53d7ad189450023f46e160e,1491272586,Dockerfile,3,68,30,18,20
tsne-mp,19563f2c738572ddd53d7ad189450023f46e160e,1491272586,Makefile,1,14,11,0,3
tsne-mp,19563f2c738572ddd53d7ad189450023f46e160e,1491272586,Markdown,3,210,210,0,0
tsne-mp,19563f2c738572ddd53d7ad189450023f46e160e,1491272586,Notebook,2,1160,1160,0,0
tsne-mp,19563f2c738572ddd53d7ad189450023f46e160e,1491272586,Objective C,1,115,105,0,10
tsne-mp,19563f2c738572ddd53d7ad189450023f46e160e,1491272586,Python,12,2970,2230,252,488
tsne-mp,19563f2c738572ddd53d7ad189450023f46e160e,1491272586,Shell,1,4,2,1,1
tsne-mp,19563f2c738572ddd53d7ad189450023f46e160e,1491272586,Plain Text,2,33,33,0,0
tsne-mp,19563f2c738572ddd53d7ad189450023f46e160e,1491272586,YAML,1,14,14,0,0
tsne-mp,19563f2c738572ddd53d7ad189450023f46e160e,1491272586,Total,33,6325,4924,598,803
tsne-mp,b1aa2777f59140e7c503897b27c7ac9e3c45369b,1491254661,Autoconf,1,6,6,0,0
tsne-mp,b1aa2777f59140e7c503897b27c7ac9e3c45369b,1491254661,C Header,3,454,261,124,69
tsne-mp,b1aa2777f59140e7c503897b27c7ac9e3c45369b,1491254661,CMake,1,16,9,0,7
tsne-mp,b1aa2777f59140e7c503897b27c7ac9e3c45369b,1491254661,C++,2,1261,853,203,205
tsne-mp,b1aa2777f59140e7c503897b27c7ac9e3c45369b,1491254661,Dockerfile,3,66,28,19,19
tsne-mp,b1aa2777f59140e7c503897b27c7ac9e3c45369b,1491254661,Makefile,1,14,11,0,3
tsne-mp,b1aa2777f59140e7c503897b27c7ac9e3c45369b,1491254661,Markdown,3,210,210,0,0
tsne-mp,b1aa2777f59140e7c503897b27c7ac9e3c45369b,1491254661,Notebook,2,1160,1160,0,0
tsne-mp,b1aa2777f59140e7c503897b27c7ac9e3c45369b,1491254661,Objective C,1,115,105,0,10
tsne-mp,b1aa2777f59140e7c503897b27c7ac9e3c45369b,1491254661,Python,12,2959,2223,250,486
tsne-mp,b1aa2777f59140e7c503897b27c7ac9e3c45369b,1491254661,Shell,1,4,2,1,1
tsne-mp,b1aa2777f59140e7c503897b27c7ac9e3c45369b,1491254661,Plain Text,2,33,33,0,0
tsne-mp,b1aa2777f59140e7c503897b27c7ac9e3c45369b,1491254661,YAML,1,14,14,0,0
tsne-mp,b1aa2777f59140e7c503897b27c7ac9e3c45369b,1491254661,Total,33,6312,4915,597,800
tsne-mp,5cb19ee14aad9bf1f31193e5cdab897f11eeb969,1491254225,Autoconf,1,6,6,0,0
tsne-mp,5cb19ee14aad9bf1f31193e5cdab897f11eeb969,1491254225,C Header,3,454,261,124,69
tsne-mp,5cb19ee14aad9bf1f31193e5cdab897f11eeb969,1491254225,CMake,1,16,9,0,7
tsne-mp,5cb19ee14aad9bf1f31193e5cdab897f11eeb969,1491254225,C++,2,1261,853,203,205
tsne-mp,5cb19ee14aad9bf1f31193e5cdab897f11eeb969,1491254225,Dockerfile,3,63,25,19,19
tsne-mp,5cb19ee14aad9bf1f31193e5cdab897f11eeb969,1491254225,Makefile,1,14,11,0,3
tsne-mp,5cb19ee14aad9bf1f31193e5cdab897f11eeb969,1491254225,Markdown,3,210,210,0,0
tsne-mp,5cb19ee14aad9bf1f31193e5cdab897f11eeb969,1491254225,Notebook,2,1160,1160,0,0
tsne-mp,5cb19ee14aad9bf1f31193e5cdab897f11eeb969,1491254225,Objective C,1,115,105,0,10
tsne-mp,5cb19ee14aad9bf1f31193e5cdab897f11eeb969,1491254225,Python,12,2959,2223,250,486
tsne-mp,5cb19ee14aad9bf1f31193e5cdab897f11eeb969,1491254225,Shell,1,4,2,1,1
tsne-mp,5cb19ee14aad9bf1f31193e5cdab897f11eeb969,1491254225,Plain Text,2,33,33,0,0
tsne-mp,5cb19ee14aad9bf1f31193e5cdab897f11eeb969,1491254225,YAML,1,14,14,0,0
tsne-mp,5cb19ee14aad9bf1f31193e5cdab897f11eeb969,1491254225,Total,33,6309,4912,597,800
tsne-mp,0a78464c3812fe6ab989f7efff6db92d59ac1125,1491253199,Autoconf,1,6,6,0,0
tsne-mp,0a78464c3812fe6ab989f7efff6db92d59ac1125,1491253199,C Header,3,454,261,124,69
tsne-mp,0a78464c3812fe6ab989f7efff6db92d59ac1125,1491253199,CMake,1,16,9,0,7
tsne-mp,0a78464c3812fe6ab989f7efff6db92d59ac1125,1491253199,C++,2,1261,853,203,205
tsne-mp,0a78464c3812fe6ab989f7efff6db92d59ac1125,1491253199,Dockerfile,3,63,25,19,19
tsne-mp,0a78464c3812fe6ab989f7efff6db92d59ac1125,1491253199,Makefile,1,14,11,0,3
tsne-mp,0a78464c3812fe6ab989f7efff6db92d59ac1125,1491253199,Markdown,3,210,210,0,0
tsne-mp,0a78464c3812fe6ab989f7efff6db92d59ac1125,1491253199,Notebook,2,1160,1160,0,0
tsne-mp,0a78464c3812fe6ab989f7efff6db92d59ac1125,1491253199,Objective C,1,115,105,0,10
tsne-mp,0a78464c3812fe6ab989f7efff6db92d59ac1125,1491253199,Python,12,2959,2223,250,486
tsne-mp,0a78464c3812fe6ab989f7efff6db92d59ac1125,1491253199,Shell,1,4,2,1,1
tsne-mp,0a78464c3812fe6ab989f7efff6db92d59ac1125,1491253199,Plain Text,2,33,33,0,0
tsne-mp,0a78464c3812fe6ab989f7efff6db92d59ac1125,1491253199,YAML,1,14,14,0,0
tsne-mp,0a78464c3812fe6ab989f7efff6db92d59ac1125,1491253199,Total,33,6309,4912,597,800
tsne-mp,f422ac2cc5cbcf30d09f9cbbc6e6095faf561793,1491250903,Autoconf,1,6,6,0,0
tsne-mp,f422ac2cc5cbcf30d09f9cbbc6e6095faf561793,1491250903,C Header,3,454,261,124,69
tsne-mp,f422ac2cc5cbcf30d09f9cbbc6e6095faf561793,1491250903,CMake,1,16,9,0,7
tsne-mp,f422ac2cc5cbcf30d09f9cbbc6e6095faf561793,1491250903,C++,2,1261,853,203,205
tsne-mp,f422ac2cc5cbcf30d09f9cbbc6e6095faf561793,1491250903,Dockerfile,3,63,25,19,19
tsne-mp,f422ac2cc5cbcf30d09f9cbbc6e6095faf561793,1491250903,Makefile,1,14,11,0,3
tsne-mp,f422ac2cc5cbcf30d09f9cbbc6e6095faf561793,1491250903,Markdown,3,210,210,0,0
tsne-mp,f422ac2cc5cbcf30d09f9cbbc6e6095faf561793,1491250903,Notebook,2,1160,1160,0,0
tsne-mp,f422ac2cc5cbcf30d09f9cbbc6e6095faf561793,1491250903,Objective C,1,115,105,0,10
tsne-mp,f422ac2cc5cbcf30d09f9cbbc6e6095faf561793,1491250903,Python,12,2959,2223,250,486
tsne-mp,f422ac2cc5cbcf30d09f9cbbc6e6095faf561793,1491250903,Shell,1,4,2,1,1
tsne-mp,f422ac2cc5cbcf30d09f9cbbc6e6095faf561793,1491250903,Plain Text,2,33,33,0,0
tsne-mp,f422ac2cc5cbcf30d09f9cbbc6e6095faf561793,1491250903,YAML,1,14,14,0,0
tsne-mp,f422ac2cc5cbcf30d09f9cbbc6e6095faf561793,1491250903,Total,33,6309,4912,597,800
tsne-mp,d337a1586235a00fdb31fe27cc8bb5955b93aaf1,1491185356,Autoconf,1,6,6,0,0
tsne-mp,d337a1586235a00fdb31fe27cc8bb5955b93aaf1,1491185356,C Header,3,454,261,124,69
tsne-mp,d337a1586235a00fdb31fe27cc8bb5955b93aaf1,1491185356,CMake,1,12,7,0,5
tsne-mp,d337a1586235a00fdb31fe27cc8bb5955b93aaf1,1491185356,C++,2,1261,853,203,205
tsne-mp,d337a1586235a00fdb31fe27cc8bb5955b93aaf1,1491185356,Dockerfile,3,63,25,19,19
tsne-mp,d337a1586235a00fdb31fe27cc8bb5955b93aaf1,1491185356,Makefile,2,39,25,3,11
tsne-mp,d337a1586235a00fdb31fe27cc8bb5955b93aaf1,1491185356,Markdown,3,202,202,0,0
tsne-mp,d337a1586235a00fdb31fe27cc8bb5955b93aaf1,1491185356,Notebook,2,1160,1160,0,0
tsne-mp,d337a1586235a00fdb31fe27cc8bb5955b93aaf1,1491185356,Objective C,1,115,105,0,10
tsne-mp,d337a1586235a00fdb31fe27cc8bb5955b93aaf1,1491185356,Python,11,2878,2166,242,470
tsne-mp,d337a1586235a00fdb31fe27cc8bb5955b93aaf1,1491185356,Shell,1,4,2,1,1
tsne-mp,d337a1586235a00fdb31fe27cc8bb5955b93aaf1,1491185356,Plain Text,2,33,33,0,0
tsne-mp,d337a1586235a00fdb31fe27cc8bb5955b93aaf1,1491185356,YAML,1,14,14,0,0
tsne-mp,d337a1586235a00fdb31fe27cc8bb5955b93aaf1,1491185356,Total,33,6241,4859,592,790
tsne-mp,372e19002e830ca17c94488f76ec93000619e6b1,1491184964,Autoconf,1,6,6,0,0
tsne-mp,372e19002e830ca17c94488f76ec93000619e6b1,1491184964,C Header,3,454,261,124,69
tsne-mp,372e19002e830ca17c94488f76ec93000619e6b1,1491184964,CMake,1,12,7,0,5
tsne-mp,372e19002e830ca17c94488f76ec93000619e6b1,1491184964,C++,2,1261,853,203,205
tsne-mp,372e19002e830ca17c94488f76ec93000619e6b1,1491184964,Dockerfile,3,63,25,19,19
tsne-mp,372e19002e830ca17c94488f76ec93000619e6b1,1491184964,Makefile,2,39,25,3,11
tsne-mp,372e19002e830ca17c94488f76ec93000619e6b1,1491184964,Markdown,3,202,202,0,0
tsne-mp,372e19002e830ca17c94488f76ec93000619e6b1,1491184964,Notebook,2,1160,1160,0,0
tsne-mp,372e19002e830ca17c94488f76ec93000619e6b1,1491184964,Objective C,1,115,105,0,10
tsne-mp,372e19002e830ca17c94488f76ec93000619e6b1,1491184964,Python,11,2878,2166,242,470
tsne-mp,372e19002e830ca17c94488f76ec93000619e6b1,1491184964,Shell,1,4,2,1,1
tsne-mp,372e19002e830ca17c94488f76ec93000619e6b1,1491184964,Plain Text,2,33,33,0,0
tsne-mp,372e19002e830ca17c94488f76ec93000619e6b1,1491184964,YAML,1,14,14,0,0
tsne-mp,372e19002e830ca17c94488f76ec93000619e6b1,1491184964,Total,33,6241,4859,592,790
tsne-mp,27f32fbb48d2dc474c7ca58491f99fb84a9a19db,1491184241,Autoconf,1,7,7,0,0
tsne-mp,27f32fbb48d2dc474c7ca58491f99fb84a9a19db,1491184241,C Header,3,454,261,124,69
tsne-mp,27f32fbb48d2dc474c7ca58491f99fb84a9a19db,1491184241,CMake,1,12,7,0,5
tsne-mp,27f32fbb48d2dc474c7ca58491f99fb84a9a19db,1491184241,C++,2,1261,853,203,205
tsne-mp,27f32fbb48d2dc474c7ca58491f99fb84a9a19db,1491184241,Dockerfile,2,30,19,1,10
tsne-mp,27f32fbb48d2dc474c7ca58491f99fb84a9a19db,1491184241,Makefile,2,39,25,3,11
tsne-mp,27f32fbb48d2dc474c7ca58491f99fb84a9a19db,1491184241,Markdown,2,168,168,0,0
tsne-mp,27f32fbb48d2dc474c7ca58491f99fb84a9a19db,1491184241,Notebook,2,1160,1160,0,0
tsne-mp,27f32fbb48d2dc474c7ca58491f99fb84a9a19db,1491184241,Objective C,1,115,105,0,10
tsne-mp,27f32fbb48d2dc474c7ca58491f99fb84a9a19db,1491184241,Python,10,2827,2134,231,462
tsne-mp,27f32fbb48d2dc474c7ca58491f99fb84a9a19db,1491184241,Shell,1,4,2,1,1
tsne-mp,27f32fbb48d2dc474c7ca58491f99fb84a9a19db,1491184241,Plain Text,2,31,31,0,0
tsne-mp,27f32fbb48d2dc474c7ca58491f99fb84a9a19db,1491184241,YAML,1,14,14,0,0
tsne-mp,27f32fbb48d2dc474c7ca58491f99fb84a9a19db,1491184241,Total,30,6122,4786,563,773
tsne-mp,0792618daa10ff8da0ecec572e45b712fc7c0b63,1490907846,Autoconf,1,7,7,0,0
tsne-mp,0792618daa10ff8da0ecec572e45b712fc7c0b63,1490907846,C Header,3,455,262,124,69
tsne-mp,0792618daa10ff8da0ecec572e45b712fc7c0b63,1490907846,CMake,1,12,7,0,5
tsne-mp,0792618daa10ff8da0ecec572e45b712fc7c0b63,1490907846,C++,2,1252,850,203,199
tsne-mp,0792618daa10ff8da0ecec572e45b712fc7c0b63,1490907846,Dockerfile,2,30,19,1,10
tsne-mp,0792618daa10ff8da0ecec572e45b712fc7c0b63,1490907846,Makefile,2,39,25,3,11
tsne-mp,0792618daa10ff8da0ecec572e45b712fc7c0b63,1490907846,Markdown,2,168,168,0,0
tsne-mp,0792618daa10ff8da0ecec572e45b712fc7c0b63,1490907846,Notebook,2,1160,1160,0,0
tsne-mp,0792618daa10ff8da0ecec572e45b712fc7c0b63,1490907846,Objective C,1,115,105,0,10
tsne-mp,0792618daa10ff8da0ecec572e45b712fc7c0b63,1490907846,Python,10,2827,2134,231,462
tsne-mp,0792618daa10ff8da0ecec572e45b712fc7c0b63,1490907846,Shell,1,4,2,1,1
tsne-mp,0792618daa10ff8da0ecec572e45b712fc7c0b63,1490907846,Plain Text,2,31,31,0,0
tsne-mp,0792618daa10ff8da0ecec572e45b712fc7c0b63,1490907846,YAML,1,14,14,0,0
tsne-mp,0792618daa10ff8da0ecec572e45b712fc7c0b63,1490907846,Total,30,6114,4784,563,767
tsne-mp,c3e93700cdeda2195dfd1f5b8a72124d7e62ef5d,1490821172,Autoconf,1,7,7,0,0
tsne-mp,c3e93700cdeda2195dfd1f5b8a72124d7e62ef5d,1490821172,C Header,3,458,263,125,70
tsne-mp,c3e93700cdeda2195dfd1f5b8a72124d7e62ef5d,1490821172,C++,2,1240,841,203,196
tsne-mp,c3e93700cdeda2195dfd1f5b8a72124d7e62ef5d,1490821172,Dockerfile,1,8,5,0,3
tsne-mp,c3e93700cdeda2195dfd1f5b8a72124d7e62ef5d,1490821172,Makefile,2,39,25,3,11
tsne-mp,c3e93700cdeda2195dfd1f5b8a72124d7e62ef5d,1490821172,Markdown,2,123,123,0,0
tsne-mp,c3e93700cdeda2195dfd1f5b8a72124d7e62ef5d,1490821172,Notebook,2,1160,1160,0,0
tsne-mp,c3e93700cdeda2195dfd1f5b8a72124d7e62ef5d,1490821172,Objective C,1,115,105,0,10
tsne-mp,c3e93700cdeda2195dfd1f5b8a72124d7e62ef5d,1490821172,Python,9,2628,1908,270,450
tsne-mp,c3e93700cdeda2195dfd1f5b8a72124d7e62ef5d,1490821172,Shell,1,4,2,1,1
tsne-mp,c3e93700cdeda2195dfd1f5b8a72124d7e62ef5d,1490821172,Plain Text,2,30,30,0,0
tsne-mp,c3e93700cdeda2195dfd1f5b8a72124d7e62ef5d,1490821172,YAML,1,14,14,0,0
tsne-mp,c3e93700cdeda2195dfd1f5b8a72124d7e62ef5d,1490821172,Total,27,5826,4483,602,741
tsne-mp,1858079dac9682ac38951db3143b825a4ed9d098,1476730866,Autoconf,1,7,7,0,0
tsne-mp,1858079dac9682ac38951db3143b825a4ed9d098,1476730866,C Header,3,458,263,125,70
tsne-mp,1858079dac9682ac38951db3143b825a4ed9d098,1476730866,C++,2,1240,841,203,196
tsne-mp,1858079dac9682ac38951db3143b825a4ed9d098,1476730866,Dockerfile,1,8,5,0,3
tsne-mp,1858079dac9682ac38951db3143b825a4ed9d098,1476730866,Makefile,2,39,25,3,11
tsne-mp,1858079dac9682ac38951db3143b825a4ed9d098,1476730866,Markdown,2,123,123,0,0
tsne-mp,1858079dac9682ac38951db3143b825a4ed9d098,1476730866,Notebook,2,1160,1160,0,0
tsne-mp,1858079dac9682ac38951db3143b825a4ed9d098,1476730866,Objective C,1,115,105,0,10
tsne-mp,1858079dac9682ac38951db3143b825a4ed9d098,1476730866,Python,9,2629,1909,270,450
tsne-mp,1858079dac9682ac38951db3143b825a4ed9d098,1476730866,Shell,1,4,2,1,1
tsne-mp,1858079dac9682ac38951db3143b825a4ed9d098,1476730866,Plain Text,2,30,30,0,0
tsne-mp,1858079dac9682ac38951db3143b825a4ed9d098,1476730866,YAML,1,14,14,0,0
tsne-mp,1858079dac9682ac38951db3143b825a4ed9d098,1476730866,Total,27,5827,4484,602,741
tsne-mp,22b620ea52bf5cd6f4f65f4bcfa74903366caa39,1476726228,Autoconf,1,7,7,0,0
tsne-mp,22b620ea52bf5cd6f4f65f4bcfa74903366caa39,1476726228,C Header,3,458,263,125,70
tsne-mp,22b620ea52bf5cd6f4f65f4bcfa74903366caa39,1476726228,C++,2,1239,837,204,198
tsne-mp,22b620ea52bf5cd6f4f65f4bcfa74903366caa39,1476726228,Dockerfile,1,8,5,0,3
tsne-mp,22b620ea52bf5cd6f4f65f4bcfa74903366caa39,1476726228,Makefile,2,33,21,3,9
tsne-mp,22b620ea52bf5cd6f4f65f4bcfa74903366caa39,1476726228,Markdown,2,123,123,0,0
tsne-mp,22b620ea52bf5cd6f4f65f4bcfa74903366caa39,1476726228,Notebook,2,1160,1160,0,0
tsne-mp,22b620ea52bf5cd6f4f65f4bcfa74903366caa39,1476726228,Objective C,1,115,105,0,10
tsne-mp,22b620ea52bf5cd6f4f65f4bcfa74903366caa39,1476726228,Python,9,2613,1897,270,446
tsne-mp,22b620ea52bf5cd6f4f65f4bcfa74903366caa39,1476726228,Shell,1,4,2,1,1
tsne-mp,22b620ea52bf5cd6f4f65f4bcfa74903366caa39,1476726228,Plain Text,2,30,30,0,0
tsne-mp,22b620ea52bf5cd6f4f65f4bcfa74903366caa39,1476726228,YAML,1,14,14,0,0
tsne-mp,22b620ea52bf5cd6f4f65f4bcfa74903366caa39,1476726228,Total,27,5804,4464,603,737
tsne-mp,f44591954611d454c3c90591f9dfadd92841d682,1476400650,Autoconf,1,7,7,0,0
tsne-mp,f44591954611d454c3c90591f9dfadd92841d682,1476400650,C Header,3,458,262,125,71
tsne-mp,f44591954611d454c3c90591f9dfadd92841d682,1476400650,C++,2,1217,819,204,194
tsne-mp,f44591954611d454c3c90591f9dfadd92841d682,1476400650,Dockerfile,1,8,5,0,3
tsne-mp,f44591954611d454c3c90591f9dfadd92841d682,1476400650,Makefile,2,33,21,3,9
tsne-mp,f44591954611d454c3c90591f9dfadd92841d682,1476400650,Markdown,2,123,123,0,0
tsne-mp,f44591954611d454c3c90591f9dfadd92841d682,1476400650,Notebook,2,1160,1160,0,0
tsne-mp,f44591954611d454c3c90591f9dfadd92841d682,1476400650,Objective C,1,115,105,0,10
tsne-mp,f44591954611d454c3c90591f9dfadd92841d682,1476400650,Python,9,2596,1886,270,440
tsne-mp,f44591954611d454c3c90591f9dfadd92841d682,1476400650,Shell,1,4,2,1,1
tsne-mp,f44591954611d454c3c90591f9dfadd92841d682,1476400650,Plain Text,2,30,30,0,0
tsne-mp,f44591954611d454c3c90591f9dfadd92841d682,1476400650,YAML,1,14,14,0,0
tsne-mp,f44591954611d454c3c90591f9dfadd92841d682,1476400650,Total,27,5765,4434,603,728
tsne-mp,cd51d6fd44806ba13ca177fbe8ca11f3c7bb2e6e,1474326974,Autoconf,1,7,7,0,0
tsne-mp,cd51d6fd44806ba13ca177fbe8ca11f3c7bb2e6e,1474326974,C Header,3,457,261,125,71
tsne-mp,cd51d6fd44806ba13ca177fbe8ca11f3c7bb2e6e,1474326974,C++,2,1210,812,204,194
tsne-mp,cd51d6fd44806ba13ca177fbe8ca11f3c7bb2e6e,1474326974,Dockerfile,1,8,5,0,3
tsne-mp,cd51d6fd44806ba13ca177fbe8ca11f3c7bb2e6e,1474326974,Makefile,2,33,21,3,9
tsne-mp,cd51d6fd44806ba13ca177fbe8ca11f3c7bb2e6e,1474326974,Markdown,2,123,123,0,0
tsne-mp,cd51d6fd44806ba13ca177fbe8ca11f3c7bb2e6e,1474326974,Notebook,2,1160,1160,0,0
tsne-mp,cd51d6fd44806ba13ca177fbe8ca11f3c7bb2e6e,1474326974,Objective C,1,115,105,0,10
tsne-mp,cd51d6fd44806ba13ca177fbe8ca11f3c7bb2e6e,1474326974,Python,9,2588,1880,270,438
tsne-mp,cd51d6fd44806ba13ca177fbe8ca11f3c7bb2e6e,1474326974,Shell,1,4,2,1,1
tsne-mp,cd51d6fd44806ba13ca177fbe8ca11f3c7bb2e6e,1474326974,Plain Text,2,30,30,0,0
tsne-mp,cd51d6fd44806ba13ca177fbe8ca11f3c7bb2e6e,1474326974,YAML,1,14,14,0,0
tsne-mp,cd51d6fd44806ba13ca177fbe8ca11f3c7bb2e6e,1474326974,Total,27,5749,4420,603,726
tsne-mp,7472af1e3efa617560ea1cdecc0eabf4a9c6de13,1462458922,Autoconf,1,7,7,0,0
tsne-mp,7472af1e3efa617560ea1cdecc0eabf4a9c6de13,1462458922,C Header,3,449,252,125,72
tsne-mp,7472af1e3efa617560ea1cdecc0eabf4a9c6de13,1462458922,C++,2,1188,799,201,188
tsne-mp,7472af1e3efa617560ea1cdecc0eabf4a9c6de13,1462458922,Dockerfile,1,8,5,0,3
tsne-mp,7472af1e3efa617560ea1cdecc0eabf4a9c6de13,1462458922,Makefile,1,13,10,0,3
tsne-mp,7472af1e3efa617560ea1cdecc0eabf4a9c6de13,1462458922,Markdown,2,123,123,0,0
tsne-mp,7472af1e3efa617560ea1cdecc0eabf4a9c6de13,1462458922,Notebook,2,1160,1160,0,0
tsne-mp,7472af1e3efa617560ea1cdecc0eabf4a9c6de13,1462458922,Objective C,1,111,101,0,10
tsne-mp,7472af1e3efa617560ea1cdecc0eabf4a9c6de13,1462458922,Python,8,2511,1817,266,428
tsne-mp,7472af1e3efa617560ea1cdecc0eabf4a9c6de13,1462458922,Plain Text,2,30,30,0,0
tsne-mp,7472af1e3efa617560ea1cdecc0eabf4a9c6de13,1462458922,YAML,1,14,14,0,0
tsne-mp,7472af1e3efa617560ea1cdecc0eabf4a9c6de13,1462458922,Total,24,5614,4318,592,704
tsne-mp,68948458204eb2b08fbe27ab756fb71dd99f5e82,1461699187,Autoconf,1,7,7,0,0
tsne-mp,68948458204eb2b08fbe27ab756fb71dd99f5e82,1461699187,C Header,3,449,252,125,72
tsne-mp,68948458204eb2b08fbe27ab756fb71dd99f5e82,1461699187,C++,2,1188,799,201,188
tsne-mp,68948458204eb2b08fbe27ab756fb71dd99f5e82,1461699187,Dockerfile,1,8,5,0,3
tsne-mp,68948458204eb2b08fbe27ab756fb71dd99f5e82,1461699187,Makefile,1,13,10,0,3
tsne-mp,68948458204eb2b08fbe27ab756fb71dd99f5e82,1461699187,Markdown,2,123,123,0,0
tsne-mp,68948458204eb2b08fbe27ab756fb71dd99f5e82,1461699187,Notebook,2,1160,1160,0,0
tsne-mp,68948458204eb2b08fbe27ab756fb71dd99f5e82,1461699187,Objective C,1,111,101,0,10
tsne-mp,68948458204eb2b08fbe27ab756fb71dd99f5e82,1461699187,Python,8,2511,1817,266,428
tsne-mp,68948458204eb2b08fbe27ab756fb71dd99f5e82,1461699187,Plain Text,2,30,30,0,0
tsne-mp,68948458204eb2b08fbe27ab756fb71dd99f5e82,1461699187,YAML,1,14,14,0,0
tsne-mp,68948458204eb2b08fbe27ab756fb71dd99f5e82,1461699187,Total,24,5614,4318,592,704
tsne-mp,3dafdb7d177e69cf2ec706eb20958a1768b347aa,1461021347,Autoconf,1,7,7,0,0
tsne-mp,3dafdb7d177e69cf2ec706eb20958a1768b347aa,1461021347,C Header,3,449,252,125,72
tsne-mp,3dafdb7d177e69cf2ec706eb20958a1768b347aa,1461021347,C++,2,1188,799,201,188
tsne-mp,3dafdb7d177e69cf2ec706eb20958a1768b347aa,1461021347,Dockerfile,1,8,5,0,3
tsne-mp,3dafdb7d177e69cf2ec706eb20958a1768b347aa,1461021347,Makefile,1,13,10,0,3
tsne-mp,3dafdb7d177e69cf2ec706eb20958a1768b347aa,1461021347,Markdown,2,123,123,0,0
tsne-mp,3dafdb7d177e69cf2ec706eb20958a1768b347aa,1461021347,Notebook,2,1160,1160,0,0
tsne-mp,3dafdb7d177e69cf2ec706eb20958a1768b347aa,1461021347,Objective C,1,111,101,0,10
tsne-mp,3dafdb7d177e69cf2ec706eb20958a1768b347aa,1461021347,Python,8,2511,1817,266,428
tsne-mp,3dafdb7d177e69cf2ec706eb20958a1768b347aa,1461021347,Plain Text,2,30,30,0,0
tsne-mp,3dafdb7d177e69cf2ec706eb20958a1768b347aa,1461021347,YAML,1,14,14,0,0
tsne-mp,3dafdb7d177e69cf2ec706eb20958a1768b347aa,1461021347,Total,24,5614,4318,592,704
tsne-mp,16631e6cde51237fa884bd4d565ddb192fd19c75,1460947352,Autoconf,1,7,7,0,0
tsne-mp,16631e6cde51237fa884bd4d565ddb192fd19c75,1460947352,C Header,3,449,252,125,72
tsne-mp,16631e6cde51237fa884bd4d565ddb192fd19c75,1460947352,C++,2,1188,799,201,188
tsne-mp,16631e6cde51237fa884bd4d565ddb192fd19c75,1460947352,Dockerfile,1,8,5,0,3
tsne-mp,16631e6cde51237fa884bd4d565ddb192fd19c75,1460947352,Makefile,1,10,8,0,2
tsne-mp,16631e6cde51237fa884bd4d565ddb192fd19c75,1460947352,Markdown,2,123,123,0,0
tsne-mp,16631e6cde51237fa884bd4d565ddb192fd19c75,1460947352,Notebook,2,1160,1160,0,0
tsne-mp,16631e6cde51237fa884bd4d565ddb192fd19c75,1460947352,Objective C,1,111,101,0,10
tsne-mp,16631e6cde51237fa884bd4d565ddb192fd19c75,1460947352,Python,8,2511,1817,266,428
tsne-mp,16631e6cde51237fa884bd4d565ddb192fd19c75,1460947352,Plain Text,2,30,30,0,0
tsne-mp,16631e6cde51237fa884bd4d565ddb192fd19c75,1460947352,YAML,1,14,14,0,0
tsne-mp,16631e6cde51237fa884bd4d565ddb192fd19c75,1460947352,Total,24,5611,4316,592,703
tsne-mp,4b4f530ad71750c26a1de1326ad42bbd653012b7,1447349697,Autoconf,1,7,7,0,0
tsne-mp,4b4f530ad71750c26a1de1326ad42bbd653012b7,1447349697,C Header,3,370,245,55,70
tsne-mp,4b4f530ad71750c26a1de1326ad42bbd653012b7,1447349697,C++,2,1234,833,205,196
tsne-mp,4b4f530ad71750c26a1de1326ad42bbd653012b7,1447349697,Dockerfile,1,8,5,0,3
tsne-mp,4b4f530ad71750c26a1de1326ad42bbd653012b7,1447349697,Makefile,1,10,8,0,2
tsne-mp,4b4f530ad71750c26a1de1326ad42bbd653012b7,1447349697,Markdown,1,74,74,0,0
tsne-mp,4b4f530ad71750c26a1de1326ad42bbd653012b7,1447349697,Notebook,2,1160,1160,0,0
tsne-mp,4b4f530ad71750c26a1de1326ad42bbd653012b7,1447349697,Objective C,1,83,75,0,8
tsne-mp,4b4f530ad71750c26a1de1326ad42bbd653012b7,1447349697,Python,5,2287,1673,222,392
tsne-mp,4b4f530ad71750c26a1de1326ad42bbd653012b7,1447349697,Plain Text,2,29,29,0,0
tsne-mp,4b4f530ad71750c26a1de1326ad42bbd653012b7,1447349697,YAML,1,14,14,0,0
tsne-mp,4b4f530ad71750c26a1de1326ad42bbd653012b7,1447349697,Total,20,5276,4123,482,671
tsne-mp,b9c6bd8c89bc5d46e64c462386c9c2c652bc36d6,1447299869,Autoconf,1,7,7,0,0
tsne-mp,b9c6bd8c89bc5d46e64c462386c9c2c652bc36d6,1447299869,C Header,3,370,245,55,70
tsne-mp,b9c6bd8c89bc5d46e64c462386c9c2c652bc36d6,1447299869,C++,2,1234,833,205,196
tsne-mp,b9c6bd8c89bc5d46e64c462386c9c2c652bc36d6,1447299869,Dockerfile,1,8,5,0,3
tsne-mp,b9c6bd8c89bc5d46e64c462386c9c2c652bc36d6,1447299869,Makefile,1,10,8,0,2
tsne-mp,b9c6bd8c89bc5d46e64c462386c9c2c652bc36d6,1447299869,Markdown,1,72,72,0,0
tsne-mp,b9c6bd8c89bc5d46e64c462386c9c2c652bc36d6,1447299869,Notebook,2,1160,1160,0,0
tsne-mp,b9c6bd8c89bc5d46e64c462386c9c2c652bc36d6,1447299869,Objective C,1,83,75,0,8
tsne-mp,b9c6bd8c89bc5d46e64c462386c9c2c652bc36d6,1447299869,Python,5,2287,1673,222,392
tsne-mp,b9c6bd8c89bc5d46e64c462386c9c2c652bc36d6,1447299869,Plain Text,2,29,29,0,0
tsne-mp,b9c6bd8c89bc5d46e64c462386c9c2c652bc36d6,1447299869,YAML,1,14,14,0,0
tsne-mp,b9c6bd8c89bc5d46e64c462386c9c2c652bc36d6,1447299869,Total,20,5274,4121,482,671
tsne-mp,42074182e1a91e04837c85e2fe0b2ed2c3e26d4b,1447299380,Autoconf,1,7,7,0,0
tsne-mp,42074182e1a91e04837c85e2fe0b2ed2c3e26d4b,1447299380,C Header,3,370,245,55,70
tsne-mp,42074182e1a91e04837c85e2fe0b2ed2c3e26d4b,1447299380,C++,2,1234,833,205,196
tsne-mp,42074182e1a91e04837c85e2fe0b2ed2c3e26d4b,1447299380,Dockerfile,1,8,5,0,3
tsne-mp,42074182e1a91e04837c85e2fe0b2ed2c3e26d4b,1447299380,Makefile,1,10,8,0,2
tsne-mp,42074182e1a91e04837c85e2fe0b2ed2c3e26d4b,1447299380,Markdown,1,72,72,0,0
tsne-mp,42074182e1a91e04837c85e2fe0b2ed2c3e26d4b,1447299380,Notebook,2,1160,1160,0,0
tsne-mp,42074182e1a91e04837c85e2fe0b2ed2c3e26d4b,1447299380,Objective C,1,83,75,0,8
tsne-mp,42074182e1a91e04837c85e2fe0b2ed2c3e26d4b,1447299380,Python,5,2287,1673,222,392
tsne-mp,42074182e1a91e04837c85e2fe0b2ed2c3e26d4b,1447299380,Plain Text,3,56,56,0,0
tsne-mp,42074182e1a91e04837c85e2fe0b2ed2c3e26d4b,1447299380,YAML,1,14,14,0,0
tsne-mp,42074182e1a91e04837c85e2fe0b2ed2c3e26d4b,1447299380,Total,21,5301,4148,482,671
tsne-mp,bb77ab110fad6a61f7db89bc2f0312acfb209775,1446076446,Autoconf,1,7,7,0,0
tsne-mp,bb77ab110fad6a61f7db89bc2f0312acfb209775,1446076446,C Header,3,370,245,55,70
tsne-mp,bb77ab110fad6a61f7db89bc2f0312acfb209775,1446076446,C++,2,1234,833,205,196
tsne-mp,bb77ab110fad6a61f7db89bc2f0312acfb209775,1446076446,Dockerfile,1,8,5,0,3
tsne-mp,bb77ab110fad6a61f7db89bc2f0312acfb209775,1446076446,Makefile,1,10,8,0,2
tsne-mp,bb77ab110fad6a61f7db89bc2f0312acfb209775,1446076446,Markdown,1,72,72,0,0
tsne-mp,bb77ab110fad6a61f7db89bc2f0312acfb209775,1446076446,Notebook,2,1160,1160,0,0
tsne-mp,bb77ab110fad6a61f7db89bc2f0312acfb209775,1446076446,Objective C,1,83,75,0,8
tsne-mp,bb77ab110fad6a61f7db89bc2f0312acfb209775,1446076446,Python,5,2287,1673,222,392
tsne-mp,bb77ab110fad6a61f7db89bc2f0312acfb209775,1446076446,Plain Text,3,56,56,0,0
tsne-mp,bb77ab110fad6a61f7db89bc2f0312acfb209775,1446076446,YAML,1,14,14,0,0
tsne-mp,bb77ab110fad6a61f7db89bc2f0312acfb209775,1446076446,Total,21,5301,4148,482,671
tsne-mp,8e4c0c70e74f3c7597f558879211886aeb59c106,1446076343,Autoconf,1,7,7,0,0
tsne-mp,8e4c0c70e74f3c7597f558879211886aeb59c106,1446076343,C Header,3,370,245,55,70
tsne-mp,8e4c0c70e74f3c7597f558879211886aeb59c106,1446076343,C++,2,1234,833,205,196
tsne-mp,8e4c0c70e74f3c7597f558879211886aeb59c106,1446076343,Dockerfile,1,8,5,0,3
tsne-mp,8e4c0c70e74f3c7597f558879211886aeb59c106,1446076343,Makefile,1,10,8,0,2
tsne-mp,8e4c0c70e74f3c7597f558879211886aeb59c106,1446076343,Markdown,1,72,72,0,0
tsne-mp,8e4c0c70e74f3c7597f558879211886aeb59c106,1446076343,Notebook,2,1160,1160,0,0
tsne-mp,8e4c0c70e74f3c7597f558879211886aeb59c106,1446076343,Objective C,1,83,75,0,8
tsne-mp,8e4c0c70e74f3c7597f558879211886aeb59c106,1446076343,Python,5,2287,1673,222,392
tsne-mp,8e4c0c70e74f3c7597f558879211886aeb59c106,1446076343,Plain Text,3,56,56,0,0
tsne-mp,8e4c0c70e74f3c7597f558879211886aeb59c106,1446076343,YAML,1,14,14,0,0
tsne-mp,8e4c0c70e74f3c7597f558879211886aeb59c106,1446076343,Total,21,5301,4148,482,671
tsne-mp,aba1684ddb839178882f4c3948b1b10b07abc5b7,1446076186,Autoconf,1,7,7,0,0
tsne-mp,aba1684ddb839178882f4c3948b1b10b07abc5b7,1446076186,C Header,3,370,245,55,70
tsne-mp,aba1684ddb839178882f4c3948b1b10b07abc5b7,1446076186,C++,2,1234,833,205,196
tsne-mp,aba1684ddb839178882f4c3948b1b10b07abc5b7,1446076186,Dockerfile,1,8,5,0,3
tsne-mp,aba1684ddb839178882f4c3948b1b10b07abc5b7,1446076186,Makefile,1,10,8,0,2
tsne-mp,aba1684ddb839178882f4c3948b1b10b07abc5b7,1446076186,Markdown,1,72,72,0,0
tsne-mp,aba1684ddb839178882f4c3948b1b10b07abc5b7,1446076186,Notebook,2,1160,1160,0,0
tsne-mp,aba1684ddb839178882f4c3948b1b10b07abc5b7,1446076186,Objective C,1,83,75,0,8
tsne-mp,aba1684ddb839178882f4c3948b1b10b07abc5b7,1446076186,Python,5,2287,1673,222,392
tsne-mp,aba1684ddb839178882f4c3948b1b10b07abc5b7,1446076186,Plain Text,3,56,56,0,0
tsne-mp,aba1684ddb839178882f4c3948b1b10b07abc5b7,1446076186,YAML,1,14,14,0,0
tsne-mp,aba1684ddb839178882f4c3948b1b10b07abc5b7,1446076186,Total,21,5301,4148,482,671
tsne-mp,5e973c93afc4506ba6ca3feaa644921569e0e274,1446076047,Autoconf,1,7,7,0,0
tsne-mp,5e973c93afc4506ba6ca3feaa644921569e0e274,1446076047,C Header,3,370,245,55,70
tsne-mp,5e973c93afc4506ba6ca3feaa644921569e0e274,1446076047,C++,2,1234,833,205,196
tsne-mp,5e973c93afc4506ba6ca3feaa644921569e0e274,1446076047,Dockerfile,1,8,5,0,3
tsne-mp,5e973c93afc4506ba6ca3feaa644921569e0e274,1446076047,Makefile,1,10,8,0,2
tsne-mp,5e973c93afc4506ba6ca3feaa644921569e0e274,1446076047,Markdown,1,72,72,0,0
tsne-mp,5e973c93afc4506ba6ca3feaa644921569e0e274,1446076047,Notebook,2,1160,1160,0,0
tsne-mp,5e973c93afc4506ba6ca3feaa644921569e0e274,1446076047,Objective C,1,83,75,0,8
tsne-mp,5e973c93afc4506ba6ca3feaa644921569e0e274,1446076047,Python,6,2334,1705,226,403
tsne-mp,5e973c93afc4506ba6ca3feaa644921569e0e274,1446076047,Plain Text,3,56,56,0,0
tsne-mp,5e973c93afc4506ba6ca3feaa644921569e0e274,1446076047,YAML,1,14,14,0,0
tsne-mp,5e973c93afc4506ba6ca3feaa644921569e0e274,1446076047,Total,22,5348,4180,486,682
tsne-mp,d868644ccb34de451443af8421a8a3acb30547fe,1446075356,Autoconf,1,7,7,0,0
tsne-mp,d868644ccb34de451443af8421a8a3acb30547fe,1446075356,C Header,3,370,245,55,70
tsne-mp,d868644ccb34de451443af8421a8a3acb30547fe,1446075356,C++,2,1234,833,205,196
tsne-mp,d868644ccb34de451443af8421a8a3acb30547fe,1446075356,Dockerfile,1,8,5,0,3
tsne-mp,d868644ccb34de451443af8421a8a3acb30547fe,1446075356,Makefile,1,10,8,0,2
tsne-mp,d868644ccb34de451443af8421a8a3acb30547fe,1446075356,Markdown,1,72,72,0,0
tsne-mp,d868644ccb34de451443af8421a8a3acb30547fe,1446075356,Notebook,2,1160,1160,0,0
tsne-mp,d868644ccb34de451443af8421a8a3acb30547fe,1446075356,Objective C,1,83,75,0,8
tsne-mp,d868644ccb34de451443af8421a8a3acb30547fe,1446075356,Python,6,2334,1705,226,403
tsne-mp,d868644ccb34de451443af8421a8a3acb30547fe,1446075356,Plain Text,3,56,56,0,0
tsne-mp,d868644ccb34de451443af8421a8a3acb30547fe,1446075356,YAML,1,14,14,0,0
tsne-mp,d868644ccb34de451443af8421a8a3acb30547fe,1446075356,Total,22,5348,4180,486,682
tsne-mp,1408290e590c2217981295117faaa62e571ba139,1446074085,Autoconf,1,7,7,0,0
tsne-mp,1408290e590c2217981295117faaa62e571ba139,1446074085,C Header,3,370,245,55,70
tsne-mp,1408290e590c2217981295117faaa62e571ba139,1446074085,C++,2,1234,833,205,196
tsne-mp,1408290e590c2217981295117faaa62e571ba139,1446074085,Dockerfile,1,8,5,0,3
tsne-mp,1408290e590c2217981295117faaa62e571ba139,1446074085,Makefile,1,10,8,0,2
tsne-mp,1408290e590c2217981295117faaa62e571ba139,1446074085,Markdown,1,72,72,0,0
tsne-mp,1408290e590c2217981295117faaa62e571ba139,1446074085,Notebook,2,1160,1160,0,0
tsne-mp,1408290e590c2217981295117faaa62e571ba139,1446074085,Objective C,1,83,75,0,8
tsne-mp,1408290e590c2217981295117faaa62e571ba139,1446074085,Python,6,2334,1705,226,403
tsne-mp,1408290e590c2217981295117faaa62e571ba139,1446074085,Plain Text,3,56,56,0,0
tsne-mp,1408290e590c2217981295117faaa62e571ba139,1446074085,YAML,1,14,14,0,0
tsne-mp,1408290e590c2217981295117faaa62e571ba139,1446074085,Total,22,5348,4180,486,682
tsne-mp,cdd92038816eb16f69b5d9912a9612cc38653364,1446074072,Autoconf,1,7,7,0,0
tsne-mp,cdd92038816eb16f69b5d9912a9612cc38653364,1446074072,C Header,3,370,245,55,70
tsne-mp,cdd92038816eb16f69b5d9912a9612cc38653364,1446074072,C++,2,1234,833,205,196
tsne-mp,cdd92038816eb16f69b5d9912a9612cc38653364,1446074072,Dockerfile,1,8,5,0,3
tsne-mp,cdd92038816eb16f69b5d9912a9612cc38653364,1446074072,Makefile,1,10,8,0,2
tsne-mp,cdd92038816eb16f69b5d9912a9612cc38653364,1446074072,Markdown,1,69,69,0,0
tsne-mp,cdd92038816eb16f69b5d9912a9612cc38653364,1446074072,Notebook,2,1160,1160,0,0
tsne-mp,cdd92038816eb16f69b5d9912a9612cc38653364,1446074072,Objective C,1,83,75,0,8
tsne-mp,cdd92038816eb16f69b5d9912a9612cc38653364,1446074072,Python,6,2334,1705,226,403
tsne-mp,cdd92038816eb16f69b5d9912a9612cc38653364,1446074072,Plain Text,3,56,56,0,0
tsne-mp,cdd92038816eb16f69b5d9912a9612cc38653364,1446074072,YAML,1,14,14,0,0
tsne-mp,cdd92038816eb16f69b5d9912a9612cc38653364,1446074072,Total,22,5345,4177,486,682
tsne-mp,8a3f1dadc5b5eefb3fa0a10efcfdc0672a3fa8dd,1446073945,Autoconf,1,7,7,0,0
tsne-mp,8a3f1dadc5b5eefb3fa0a10efcfdc0672a3fa8dd,1446073945,C Header,3,370,245,55,70
tsne-mp,8a3f1dadc5b5eefb3fa0a10efcfdc0672a3fa8dd,1446073945,C++,2,1234,833,205,196
tsne-mp,8a3f1dadc5b5eefb3fa0a10efcfdc0672a3fa8dd,1446073945,Dockerfile,1,8,5,0,3
tsne-mp,8a3f1dadc5b5eefb3fa0a10efcfdc0672a3fa8dd,1446073945,Makefile,1,10,8,0,2
tsne-mp,8a3f1dadc5b5eefb3fa0a10efcfdc0672a3fa8dd,1446073945,Markdown,1,69,69,0,0
tsne-mp,8a3f1dadc5b5eefb3fa0a10efcfdc0672a3fa8dd,1446073945,Notebook,2,1160,1160,0,0
tsne-mp,8a3f1dadc5b5eefb3fa0a10efcfdc0672a3fa8dd,1446073945,Objective C,1,83,75,0,8
tsne-mp,8a3f1dadc5b5eefb3fa0a10efcfdc0672a3fa8dd,1446073945,Python,6,2334,1705,226,403
tsne-mp,8a3f1dadc5b5eefb3fa0a10efcfdc0672a3fa8dd,1446073945,Plain Text,3,56,56,0,0
tsne-mp,8a3f1dadc5b5eefb3fa0a10efcfdc0672a3fa8dd,1446073945,YAML,1,14,14,0,0
tsne-mp,8a3f1dadc5b5eefb3fa0a10efcfdc0672a3fa8dd,1446073945,Total,22,5345,4177,486,682
tsne-mp,6199dfc1f44d5b9b28bc7c8c1c0487e950a7a1a6,1446073386,Autoconf,1,7,7,0,0
tsne-mp,6199dfc1f44d5b9b28bc7c8c1c0487e950a7a1a6,1446073386,C Header,3,370,245,55,70
tsne-mp,6199dfc1f44d5b9b28bc7c8c1c0487e950a7a1a6,1446073386,C++,2,1234,833,205,196
tsne-mp,6199dfc1f44d5b9b28bc7c8c1c0487e950a7a1a6,1446073386,Dockerfile,1,8,5,0,3
tsne-mp,6199dfc1f44d5b9b28bc7c8c1c0487e950a7a1a6,1446073386,Makefile,1,10,8,0,2
tsne-mp,6199dfc1f44d5b9b28bc7c8c1c0487e950a7a1a6,1446073386,Markdown,1,69,69,0,0
tsne-mp,6199dfc1f44d5b9b28bc7c8c1c0487e950a7a1a6,1446073386,Notebook,2,1160,1160,0,0
tsne-mp,6199dfc1f44d5b9b28bc7c8c1c0487e950a7a1a6,1446073386,Objective C,1,83,75,0,8
tsne-mp,6199dfc1f44d5b9b28bc7c8c1c0487e950a7a1a6,1446073386,Python,6,2334,1705,226,403
tsne-mp,6199dfc1f44d5b9b28bc7c8c1c0487e950a7a1a6,1446073386,Plain Text,3,56,56,0,0
tsne-mp,6199dfc1f44d5b9b28bc7c8c1c0487e950a7a1a6,1446073386,YAML,1,14,14,0,0
tsne-mp,6199dfc1f44d5b9b28bc7c8c1c0487e950a7a1a6,1446073386,Total,22,5345,4177,486,682
tsne-mp,42f36b7dcabf901c256c78ed72b771188cdab06c,1446073012,Autoconf,1,7,7,0,0
tsne-mp,42f36b7dcabf901c256c78ed72b771188cdab06c,1446073012,C Header,3,370,245,55,70
tsne-mp,42f36b7dcabf901c256c78ed72b771188cdab06c,1446073012,C++,2,1234,833,205,196
tsne-mp,42f36b7dcabf901c256c78ed72b771188cdab06c,1446073012,Dockerfile,1,8,5,0,3
tsne-mp,42f36b7dcabf901c256c78ed72b771188cdab06c,1446073012,Makefile,1,10,8,0,2
tsne-mp,42f36b7dcabf901c256c78ed72b771188cdab06c,1446073012,Markdown,1,69,69,0,0
tsne-mp,42f36b7dcabf901c256c78ed72b771188cdab06c,1446073012,Notebook,2,1160,1160,0,0
tsne-mp,42f36b7dcabf901c256c78ed72b771188cdab06c,1446073012,Objective C,1,83,75,0,8
tsne-mp,42f36b7dcabf901c256c78ed72b771188cdab06c,1446073012,Python,6,2336,1705,227,404
tsne-mp,42f36b7dcabf901c256c78ed72b771188cdab06c,1446073012,Plain Text,3,56,56,0,0
tsne-mp,42f36b7dcabf901c256c78ed72b771188cdab06c,1446073012,YAML,1,14,14,0,0
tsne-mp,42f36b7dcabf901c256c78ed72b771188cdab06c,1446073012,Total,22,5347,4177,487,683
tsne-mp,7f891a40550e9bff9850491db07518647e1a401c,1446070918,Autoconf,1,7,7,0,0
tsne-mp,7f891a40550e9bff9850491db07518647e1a401c,1446070918,C Header,3,370,245,55,70
tsne-mp,7f891a40550e9bff9850491db07518647e1a401c,1446070918,C++,2,1234,833,205,196
tsne-mp,7f891a40550e9bff9850491db07518647e1a401c,1446070918,Dockerfile,1,8,5,0,3
tsne-mp,7f891a40550e9bff9850491db07518647e1a401c,1446070918,Makefile,1,10,8,0,2
tsne-mp,7f891a40550e9bff9850491db07518647e1a401c,1446070918,Markdown,1,69,69,0,0
tsne-mp,7f891a40550e9bff9850491db07518647e1a401c,1446070918,Notebook,2,1160,1160,0,0
tsne-mp,7f891a40550e9bff9850491db07518647e1a401c,1446070918,Objective C,1,83,75,0,8
tsne-mp,7f891a40550e9bff9850491db07518647e1a401c,1446070918,Python,6,2337,1706,227,404
tsne-mp,7f891a40550e9bff9850491db07518647e1a401c,1446070918,Plain Text,3,56,56,0,0
tsne-mp,7f891a40550e9bff9850491db07518647e1a401c,1446070918,YAML,1,14,14,0,0
tsne-mp,7f891a40550e9bff9850491db07518647e1a401c,1446070918,Total,22,5348,4178,487,683
tsne-mp,85a07abad0770eb7605469eda88bff24166bf1f4,1446070702,Autoconf,1,7,7,0,0
tsne-mp,85a07abad0770eb7605469eda88bff24166bf1f4,1446070702,C Header,3,370,245,55,70
tsne-mp,85a07abad0770eb7605469eda88bff24166bf1f4,1446070702,C++,2,1234,833,205,196
tsne-mp,85a07abad0770eb7605469eda88bff24166bf1f4,1446070702,Dockerfile,1,8,5,0,3
tsne-mp,85a07abad0770eb7605469eda88bff24166bf1f4,1446070702,Makefile,1,10,8,0,2
tsne-mp,85a07abad0770eb7605469eda88bff24166bf1f4,1446070702,Markdown,1,69,69,0,0
tsne-mp,85a07abad0770eb7605469eda88bff24166bf1f4,1446070702,Notebook,2,1160,1160,0,0
tsne-mp,85a07abad0770eb7605469eda88bff24166bf1f4,1446070702,Objective C,1,83,75,0,8
tsne-mp,85a07abad0770eb7605469eda88bff24166bf1f4,1446070702,Python,6,2339,1707,227,405
tsne-mp,85a07abad0770eb7605469eda88bff24166bf1f4,1446070702,Plain Text,3,56,56,0,0
tsne-mp,85a07abad0770eb7605469eda88bff24166bf1f4,1446070702,YAML,1,14,14,0,0
tsne-mp,85a07abad0770eb7605469eda88bff24166bf1f4,1446070702,Total,22,5350,4179,487,684
tsne-mp,5eace54b59ce9892deb12505838771ff5b5beb50,1446063284,Autoconf,1,6,6,0,0
tsne-mp,5eace54b59ce9892deb12505838771ff5b5beb50,1446063284,C Header,3,370,245,55,70
tsne-mp,5eace54b59ce9892deb12505838771ff5b5beb50,1446063284,C++,2,1234,833,205,196
tsne-mp,5eace54b59ce9892deb12505838771ff5b5beb50,1446063284,Dockerfile,1,8,5,0,3
tsne-mp,5eace54b59ce9892deb12505838771ff5b5beb50,1446063284,Makefile,1,10,8,0,2
tsne-mp,5eace54b59ce9892deb12505838771ff5b5beb50,1446063284,Markdown,1,69,69,0,0
tsne-mp,5eace54b59ce9892deb12505838771ff5b5beb50,1446063284,Notebook,2,1160,1160,0,0
tsne-mp,5eace54b59ce9892deb12505838771ff5b5beb50,1446063284,Objective C,1,83,75,0,8
tsne-mp,5eace54b59ce9892deb12505838771ff5b5beb50,1446063284,Python,5,2281,1667,223,391
tsne-mp,5eace54b59ce9892deb12505838771ff5b5beb50,1446063284,Plain Text,3,56,56,0,0
tsne-mp,5eace54b59ce9892deb12505838771ff5b5beb50,1446063284,YAML,1,14,14,0,0
tsne-mp,5eace54b59ce9892deb12505838771ff5b5beb50,1446063284,Total,21,5291,4138,483,670
tsne-mp,1eebbd486ff85fc3d469cae5ee46a47182860a75,1445025121,Autoconf,1,6,6,0,0
tsne-mp,1eebbd486ff85fc3d469cae5ee46a47182860a75,1445025121,C Header,3,370,245,55,70
tsne-mp,1eebbd486ff85fc3d469cae5ee46a47182860a75,1445025121,C++,2,1234,833,205,196
tsne-mp,1eebbd486ff85fc3d469cae5ee46a47182860a75,1445025121,Dockerfile,1,8,5,0,3
tsne-mp,1eebbd486ff85fc3d469cae5ee46a47182860a75,1445025121,Makefile,1,10,8,0,2
tsne-mp,1eebbd486ff85fc3d469cae5ee46a47182860a75,1445025121,Markdown,1,69,69,0,0
tsne-mp,1eebbd486ff85fc3d469cae5ee46a47182860a75,1445025121,Notebook,2,1160,1160,0,0
tsne-mp,1eebbd486ff85fc3d469cae5ee46a47182860a75,1445025121,Objective C,1,83,75,0,8
tsne-mp,1eebbd486ff85fc3d469cae5ee46a47182860a75,1445025121,Python,5,2282,1669,223,390
tsne-mp,1eebbd486ff85fc3d469cae5ee46a47182860a75,1445025121,Plain Text,3,56,56,0,0
tsne-mp,1eebbd486ff85fc3d469cae5ee46a47182860a75,1445025121,YAML,1,14,14,0,0
tsne-mp,1eebbd486ff85fc3d469cae5ee46a47182860a75,1445025121,Total,21,5292,4140,483,669
tsne-mp,669bd187d4802863cf7f8cc56cae1963c6fb3969,1444681159,Autoconf,1,6,6,0,0
tsne-mp,669bd187d4802863cf7f8cc56cae1963c6fb3969,1444681159,C Header,3,370,245,55,70
tsne-mp,669bd187d4802863cf7f8cc56cae1963c6fb3969,1444681159,C++,2,1234,833,205,196
tsne-mp,669bd187d4802863cf7f8cc56cae1963c6fb3969,1444681159,Dockerfile,1,8,5,0,3
tsne-mp,669bd187d4802863cf7f8cc56cae1963c6fb3969,1444681159,Makefile,1,10,8,0,2
tsne-mp,669bd187d4802863cf7f8cc56cae1963c6fb3969,1444681159,Markdown,1,69,69,0,0
tsne-mp,669bd187d4802863cf7f8cc56cae1963c6fb3969,1444681159,Notebook,2,1160,1160,0,0
tsne-mp,669bd187d4802863cf7f8cc56cae1963c6fb3969,1444681159,Objective C,1,83,75,0,8
tsne-mp,669bd187d4802863cf7f8cc56cae1963c6fb3969,1444681159,Python,5,2281,1667,223,391
tsne-mp,669bd187d4802863cf7f8cc56cae1963c6fb3969,1444681159,Plain Text,3,56,56,0,0
tsne-mp,669bd187d4802863cf7f8cc56cae1963c6fb3969,1444681159,YAML,1,14,14,0,0
tsne-mp,669bd187d4802863cf7f8cc56cae1963c6fb3969,1444681159,Total,21,5291,4138,483,670
tsne-mp,b6188b49b202fe9c168d0434f12f34f3832f0150,1444666069,Autoconf,1,4,4,0,0
tsne-mp,b6188b49b202fe9c168d0434f12f34f3832f0150,1444666069,C Header,3,370,245,55,70
tsne-mp,b6188b49b202fe9c168d0434f12f34f3832f0150,1444666069,C++,2,1234,833,205,196
tsne-mp,b6188b49b202fe9c168d0434f12f34f3832f0150,1444666069,Dockerfile,1,8,5,0,3
tsne-mp,b6188b49b202fe9c168d0434f12f34f3832f0150,1444666069,Makefile,1,10,8,0,2
tsne-mp,b6188b49b202fe9c168d0434f12f34f3832f0150,1444666069,Markdown,1,69,69,0,0
tsne-mp,b6188b49b202fe9c168d0434f12f34f3832f0150,1444666069,Notebook,2,1160,1160,0,0
tsne-mp,b6188b49b202fe9c168d0434f12f34f3832f0150,1444666069,Objective C,1,83,75,0,8
tsne-mp,b6188b49b202fe9c168d0434f12f34f3832f0150,1444666069,Python,5,2281,1667,223,391
tsne-mp,b6188b49b202fe9c168d0434f12f34f3832f0150,1444666069,Plain Text,3,56,56,0,0
tsne-mp,b6188b49b202fe9c168d0434f12f34f3832f0150,1444666069,YAML,1,14,14,0,0
tsne-mp,b6188b49b202fe9c168d0434f12f34f3832f0150,1444666069,Total,21,5289,4136,483,670
tsne-mp,1aa5f39849a37842b50da320cbefe313397dc15a,1443296467,Autoconf,1,4,4,0,0
tsne-mp,1aa5f39849a37842b50da320cbefe313397dc15a,1443296467,C Header,3,370,245,55,70
tsne-mp,1aa5f39849a37842b50da320cbefe313397dc15a,1443296467,C++,2,1234,833,205,196
tsne-mp,1aa5f39849a37842b50da320cbefe313397dc15a,1443296467,Dockerfile,1,8,5,0,3
tsne-mp,1aa5f39849a37842b50da320cbefe313397dc15a,1443296467,Makefile,1,10,8,0,2
tsne-mp,1aa5f39849a37842b50da320cbefe313397dc15a,1443296467,Markdown,1,69,69,0,0
tsne-mp,1aa5f39849a37842b50da320cbefe313397dc15a,1443296467,Notebook,2,1160,1160,0,0
tsne-mp,1aa5f39849a37842b50da320cbefe313397dc15a,1443296467,Objective C,1,83,75,0,8
tsne-mp,1aa5f39849a37842b50da320cbefe313397dc15a,1443296467,Python,5,2278,1664,223,391
tsne-mp,1aa5f39849a37842b50da320cbefe313397dc15a,1443296467,Plain Text,3,56,56,0,0
tsne-mp,1aa5f39849a37842b50da320cbefe313397dc15a,1443296467,YAML,1,13,13,0,0
tsne-mp,1aa5f39849a37842b50da320cbefe313397dc15a,1443296467,Total,21,5285,4132,483,670
tsne-mp,4fde76e19df9cb7ac0d7c3b763dc43b9af85a022,1443296206,Autoconf,1,4,4,0,0
tsne-mp,4fde76e19df9cb7ac0d7c3b763dc43b9af85a022,1443296206,C Header,3,370,245,55,70
tsne-mp,4fde76e19df9cb7ac0d7c3b763dc43b9af85a022,1443296206,C++,2,1234,833,205,196
tsne-mp,4fde76e19df9cb7ac0d7c3b763dc43b9af85a022,1443296206,Dockerfile,1,8,5,0,3
tsne-mp,4fde76e19df9cb7ac0d7c3b763dc43b9af85a022,1443296206,Makefile,1,10,8,0,2
tsne-mp,4fde76e19df9cb7ac0d7c3b763dc43b9af85a022,1443296206,Markdown,1,60,60,0,0
tsne-mp,4fde76e19df9cb7ac0d7c3b763dc43b9af85a022,1443296206,Notebook,2,1160,1160,0,0
tsne-mp,4fde76e19df9cb7ac0d7c3b763dc43b9af85a022,1443296206,Objective C,1,83,75,0,8
tsne-mp,4fde76e19df9cb7ac0d7c3b763dc43b9af85a022,1443296206,Python,5,2278,1664,223,391
tsne-mp,4fde76e19df9cb7ac0d7c3b763dc43b9af85a022,1443296206,Plain Text,3,56,56,0,0
tsne-mp,4fde76e19df9cb7ac0d7c3b763dc43b9af85a022,1443296206,YAML,1,13,13,0,0
tsne-mp,4fde76e19df9cb7ac0d7c3b763dc43b9af85a022,1443296206,Total,21,5276,4123,483,670
tsne-mp,35951d9fbf0a1a5197decc64fdd57a9818b63ed4,1443296188,Autoconf,1,4,4,0,0
tsne-mp,35951d9fbf0a1a5197decc64fdd57a9818b63ed4,1443296188,C Header,3,370,245,55,70
tsne-mp,35951d9fbf0a1a5197decc64fdd57a9818b63ed4,1443296188,C++,2,1234,833,205,196
tsne-mp,35951d9fbf0a1a5197decc64fdd57a9818b63ed4,1443296188,Dockerfile,1,8,5,0,3
tsne-mp,35951d9fbf0a1a5197decc64fdd57a9818b63ed4,1443296188,Makefile,1,10,8,0,2
tsne-mp,35951d9fbf0a1a5197decc64fdd57a9818b63ed4,1443296188,Markdown,1,60,60,0,0
tsne-mp,35951d9fbf0a1a5197decc64fdd57a9818b63ed4,1443296188,Notebook,2,1160,1160,0,0
tsne-mp,35951d9fbf0a1a5197decc64fdd57a9818b63ed4,1443296188,Objective C,1,83,75,0,8
tsne-mp,35951d9fbf0a1a5197decc64fdd57a9818b63ed4,1443296188,Python,4,2267,1657,223,387
tsne-mp,35951d9fbf0a1a5197decc64fdd57a9818b63ed4,1443296188,Plain Text,3,56,56,0,0
tsne-mp,35951d9fbf0a1a5197decc64fdd57a9818b63ed4,1443296188,YAML,1,13,13,0,0
tsne-mp,35951d9fbf0a1a5197decc64fdd57a9818b63ed4,1443296188,Total,20,5265,4116,483,666
tsne-mp,25e671638017aaaafcde05e00e56c89c45647013,1443296172,Autoconf,1,4,4,0,0
tsne-mp,25e671638017aaaafcde05e00e56c89c45647013,1443296172,C Header,3,370,245,55,70
tsne-mp,25e671638017aaaafcde05e00e56c89c45647013,1443296172,C++,2,1234,833,205,196
tsne-mp,25e671638017aaaafcde05e00e56c89c45647013,1443296172,Makefile,1,10,8,0,2
tsne-mp,25e671638017aaaafcde05e00e56c89c45647013,1443296172,Markdown,1,60,60,0,0
tsne-mp,25e671638017aaaafcde05e00e56c89c45647013,1443296172,Notebook,2,1160,1160,0,0
tsne-mp,25e671638017aaaafcde05e00e56c89c45647013,1443296172,Objective C,1,83,75,0,8
tsne-mp,25e671638017aaaafcde05e00e56c89c45647013,1443296172,Python,4,2267,1657,223,387
tsne-mp,25e671638017aaaafcde05e00e56c89c45647013,1443296172,Plain Text,3,56,56,0,0
tsne-mp,25e671638017aaaafcde05e00e56c89c45647013,1443296172,YAML,1,13,13,0,0
tsne-mp,25e671638017aaaafcde05e00e56c89c45647013,1443296172,Total,19,5257,4111,483,663
tsne-mp,b74bd3dd24b2ac0a7902f8091fcbcb092f09a99f,1443294910,Autoconf,1,4,4,0,0
tsne-mp,b74bd3dd24b2ac0a7902f8091fcbcb092f09a99f,1443294910,C Header,3,370,245,55,70
tsne-mp,b74bd3dd24b2ac0a7902f8091fcbcb092f09a99f,1443294910,C++,2,1234,833,205,196
tsne-mp,b74bd3dd24b2ac0a7902f8091fcbcb092f09a99f,1443294910,Makefile,1,10,8,0,2
tsne-mp,b74bd3dd24b2ac0a7902f8091fcbcb092f09a99f,1443294910,Markdown,1,60,60,0,0
tsne-mp,b74bd3dd24b2ac0a7902f8091fcbcb092f09a99f,1443294910,Notebook,2,1160,1160,0,0
tsne-mp,b74bd3dd24b2ac0a7902f8091fcbcb092f09a99f,1443294910,Objective C,1,83,75,0,8
tsne-mp,b74bd3dd24b2ac0a7902f8091fcbcb092f09a99f,1443294910,Python,4,2267,1657,223,387
tsne-mp,b74bd3dd24b2ac0a7902f8091fcbcb092f09a99f,1443294910,Plain Text,3,56,56,0,0
tsne-mp,b74bd3dd24b2ac0a7902f8091fcbcb092f09a99f,1443294910,YAML,1,13,13,0,0
tsne-mp,b74bd3dd24b2ac0a7902f8091fcbcb092f09a99f,1443294910,Total,19,5257,4111,483,663
tsne-mp,f45af5bfbddd7e5e30d015a4658d96c4fa2ac74f,1443294127,Autoconf,1,4,4,0,0
tsne-mp,f45af5bfbddd7e5e30d015a4658d96c4fa2ac74f,1443294127,C Header,3,370,245,55,70
tsne-mp,f45af5bfbddd7e5e30d015a4658d96c4fa2ac74f,1443294127,C++,2,1234,833,205,196
tsne-mp,f45af5bfbddd7e5e30d015a4658d96c4fa2ac74f,1443294127,Makefile,1,10,8,0,2
tsne-mp,f45af5bfbddd7e5e30d015a4658d96c4fa2ac74f,1443294127,Markdown,1,60,60,0,0
tsne-mp,f45af5bfbddd7e5e30d015a4658d96c4fa2ac74f,1443294127,Notebook,2,1160,1160,0,0
tsne-mp,f45af5bfbddd7e5e30d015a4658d96c4fa2ac74f,1443294127,Objective C,1,83,75,0,8
tsne-mp,f45af5bfbddd7e5e30d015a4658d96c4fa2ac74f,1443294127,Python,4,2262,1657,220,385
tsne-mp,f45af5bfbddd7e5e30d015a4658d96c4fa2ac74f,1443294127,Plain Text,3,56,56,0,0
tsne-mp,f45af5bfbddd7e5e30d015a4658d96c4fa2ac74f,1443294127,YAML,1,13,13,0,0
tsne-mp,f45af5bfbddd7e5e30d015a4658d96c4fa2ac74f,1443294127,Total,19,5252,4111,480,661
tsne-mp,f20506db1794f8846310ba032a5f8735b4487cb2,1443293948,Autoconf,1,3,3,0,0
tsne-mp,f20506db1794f8846310ba032a5f8735b4487cb2,1443293948,C Header,3,370,245,55,70
tsne-mp,f20506db1794f8846310ba032a5f8735b4487cb2,1443293948,C++,2,1234,833,205,196
tsne-mp,f20506db1794f8846310ba032a5f8735b4487cb2,1443293948,Makefile,1,10,8,0,2
tsne-mp,f20506db1794f8846310ba032a5f8735b4487cb2,1443293948,Markdown,1,60,60,0,0
tsne-mp,f20506db1794f8846310ba032a5f8735b4487cb2,1443293948,Notebook,2,1160,1160,0,0
tsne-mp,f20506db1794f8846310ba032a5f8735b4487cb2,1443293948,Objective C,1,83,75,0,8
tsne-mp,f20506db1794f8846310ba032a5f8735b4487cb2,1443293948,Python,2,99,77,5,17
tsne-mp,f20506db1794f8846310ba032a5f8735b4487cb2,1443293948,Plain Text,3,56,56,0,0
tsne-mp,f20506db1794f8846310ba032a5f8735b4487cb2,1443293948,YAML,1,13,13,0,0
tsne-mp,f20506db1794f8846310ba032a5f8735b4487cb2,1443293948,Total,17,3088,2530,265,293
tsne-mp,af9c1470d62fe8e1df9ac269d65c4c23dd985342,1443293165,Autoconf,1,3,3,0,0
tsne-mp,af9c1470d62fe8e1df9ac269d65c4c23dd985342,1443293165,C Header,3,370,245,55,70
tsne-mp,af9c1470d62fe8e1df9ac269d65c4c23dd985342,1443293165,C++,2,1234,833,205,196
tsne-mp,af9c1470d62fe8e1df9ac269d65c4c23dd985342,1443293165,Makefile,1,10,8,0,2
tsne-mp,af9c1470d62fe8e1df9ac269d65c4c23dd985342,1443293165,Markdown,1,60,60,0,0
tsne-mp,af9c1470d62fe8e1df9ac269d65c4c23dd985342,1443293165,Notebook,2,1160,1160,0,0
tsne-mp,af9c1470d62fe8e1df9ac269d65c4c23dd985342,1443293165,Objective C,1,83,75,0,8
tsne-mp,af9c1470d62fe8e1df9ac269d65c4c23dd985342,1443293165,Python,2,99,77,5,17
tsne-mp,af9c1470d62fe8e1df9ac269d65c4c23dd985342,1443293165,Plain Text,3,56,56,0,0
tsne-mp,af9c1470d62fe8e1df9ac269d65c4c23dd985342,1443293165,Total,16,3075,2517,265,293
tsne-mp,34b24b81d89a877b93064e4027506808bc14d333,1423705055,Autoconf,1,3,3,0,0
tsne-mp,34b24b81d89a877b93064e4027506808bc14d333,1423705055,C Header,3,370,245,55,70
tsne-mp,34b24b81d89a877b93064e4027506808bc14d333,1423705055,C++,2,1234,833,205,196
tsne-mp,34b24b81d89a877b93064e4027506808bc14d333,1423705055,Makefile,1,10,8,0,2
tsne-mp,34b24b81d89a877b93064e4027506808bc14d333,1423705055,Markdown,1,60,60,0,0
tsne-mp,34b24b81d89a877b93064e4027506808bc14d333,1423705055,Notebook,2,1160,1160,0,0
tsne-mp,34b24b81d89a877b93064e4027506808bc14d333,1423705055,Objective C,1,83,75,0,8
tsne-mp,34b24b81d89a877b93064e4027506808bc14d333,1423705055,Python,2,99,77,5,17
tsne-mp,34b24b81d89a877b93064e4027506808bc14d333,1423705055,Plain Text,4,109,109,0,0
tsne-mp,34b24b81d89a877b93064e4027506808bc14d333,1423705055,Total,17,3128,2570,265,293
tsne-mp,0c40dbd6535cb6de80ceae3f9e00850e528d8619,1423704808,Autoconf,1,3,3,0,0
tsne-mp,0c40dbd6535cb6de80ceae3f9e00850e528d8619,1423704808,C Header,3,370,245,55,70
tsne-mp,0c40dbd6535cb6de80ceae3f9e00850e528d8619,1423704808,C++,2,1234,833,205,196
tsne-mp,0c40dbd6535cb6de80ceae3f9e00850e528d8619,1423704808,Makefile,1,10,8,0,2
tsne-mp,0c40dbd6535cb6de80ceae3f9e00850e528d8619,1423704808,Markdown,1,60,60,0,0
tsne-mp,0c40dbd6535cb6de80ceae3f9e00850e528d8619,1423704808,Notebook,2,1160,1160,0,0
tsne-mp,0c40dbd6535cb6de80ceae3f9e00850e528d8619,1423704808,Objective C,1,83,75,0,8
tsne-mp,0c40dbd6535cb6de80ceae3f9e00850e528d8619,1423704808,Python,2,99,77,5,17
tsne-mp,0c40dbd6535cb6de80ceae3f9e00850e528d8619,1423704808,Plain Text,4,109,109,0,0
tsne-mp,0c40dbd6535cb6de80ceae3f9e00850e528d8619,1423704808,Total,17,3128,2570,265,293
tsne-mp,df541f9a458bcaf5afddd752243e6f23108600e1,1406837206,Autoconf,1,3,3,0,0
tsne-mp,df541f9a458bcaf5afddd752243e6f23108600e1,1406837206,C Header,3,370,245,55,70
tsne-mp,df541f9a458bcaf5afddd752243e6f23108600e1,1406837206,C++,2,1234,833,205,196
tsne-mp,df541f9a458bcaf5afddd752243e6f23108600e1,1406837206,Makefile,1,10,8,0,2
tsne-mp,df541f9a458bcaf5afddd752243e6f23108600e1,1406837206,Markdown,1,60,60,0,0
tsne-mp,df541f9a458bcaf5afddd752243e6f23108600e1,1406837206,Notebook,2,1160,1160,0,0
tsne-mp,df541f9a458bcaf5afddd752243e6f23108600e1,1406837206,Objective C,1,83,75,0,8
tsne-mp,df541f9a458bcaf5afddd752243e6f23108600e1,1406837206,Python,2,90,70,5,15
tsne-mp,df541f9a458bcaf5afddd752243e6f23108600e1,1406837206,Plain Text,4,109,109,0,0
tsne-mp,df541f9a458bcaf5afddd752243e6f23108600e1,1406837206,Total,17,3119,2563,265,291
tsne-mp,f8fe104cdfa8530366735c2802119e9bc3105fc2,1392141863,Autoconf,1,3,3,0,0
tsne-mp,f8fe104cdfa8530366735c2802119e9bc3105fc2,1392141863,C Header,3,370,245,55,70
tsne-mp,f8fe104cdfa8530366735c2802119e9bc3105fc2,1392141863,C++,2,1234,833,205,196
tsne-mp,f8fe104cdfa8530366735c2802119e9bc3105fc2,1392141863,Makefile,1,10,8,0,2
tsne-mp,f8fe104cdfa8530366735c2802119e9bc3105fc2,1392141863,Markdown,1,59,59,0,0
tsne-mp,f8fe104cdfa8530366735c2802119e9bc3105fc2,1392141863,Notebook,2,1160,1160,0,0
tsne-mp,f8fe104cdfa8530366735c2802119e9bc3105fc2,1392141863,Objective C,1,83,75,0,8
tsne-mp,f8fe104cdfa8530366735c2802119e9bc3105fc2,1392141863,Python,2,90,70,5,15
tsne-mp,f8fe104cdfa8530366735c2802119e9bc3105fc2,1392141863,Plain Text,4,109,109,0,0
tsne-mp,f8fe104cdfa8530366735c2802119e9bc3105fc2,1392141863,Total,17,3118,2562,265,291
tsne-mp,eaaca90fd1e16ba7f9bf7af8e2832e64a91a3710,1391888056,Autoconf,1,3,3,0,0
tsne-mp,eaaca90fd1e16ba7f9bf7af8e2832e64a91a3710,1391888056,C Header,3,370,245,55,70
tsne-mp,eaaca90fd1e16ba7f9bf7af8e2832e64a91a3710,1391888056,C++,2,1234,833,205,196
tsne-mp,eaaca90fd1e16ba7f9bf7af8e2832e64a91a3710,1391888056,Makefile,1,10,8,0,2
tsne-mp,eaaca90fd1e16ba7f9bf7af8e2832e64a91a3710,1391888056,Markdown,1,59,59,0,0
tsne-mp,eaaca90fd1e16ba7f9bf7af8e2832e64a91a3710,1391888056,Notebook,2,1160,1160,0,0
tsne-mp,eaaca90fd1e16ba7f9bf7af8e2832e64a91a3710,1391888056,Objective C,1,83,75,0,8
tsne-mp,eaaca90fd1e16ba7f9bf7af8e2832e64a91a3710,1391888056,Python,2,90,70,5,15
tsne-mp,eaaca90fd1e16ba7f9bf7af8e2832e64a91a3710,1391888056,Plain Text,4,109,109,0,0
tsne-mp,eaaca90fd1e16ba7f9bf7af8e2832e64a91a3710,1391888056,Total,17,3118,2562,265,291
tsne-mp,84c9bdcb388f6fd77cf58ccdcd6b9d298017389a,1377530868,Autoconf,1,3,3,0,0
tsne-mp,84c9bdcb388f6fd77cf58ccdcd6b9d298017389a,1377530868,C Header,3,370,245,55,70
tsne-mp,84c9bdcb388f6fd77cf58ccdcd6b9d298017389a,1377530868,C++,2,1234,833,205,196
tsne-mp,84c9bdcb388f6fd77cf58ccdcd6b9d298017389a,1377530868,Makefile,1,10,8,0,2
tsne-mp,84c9bdcb388f6fd77cf58ccdcd6b9d298017389a,1377530868,Markdown,1,47,47,0,0
tsne-mp,84c9bdcb388f6fd77cf58ccdcd6b9d298017389a,1377530868,Notebook,2,1160,1160,0,0
tsne-mp,84c9bdcb388f6fd77cf58ccdcd6b9d298017389a,1377530868,Objective C,1,83,75,0,8
tsne-mp,84c9bdcb388f6fd77cf58ccdcd6b9d298017389a,1377530868,Python,2,89,70,5,14
tsne-mp,84c9bdcb388f6fd77cf58ccdcd6b9d298017389a,1377530868,Plain Text,4,109,109,0,0
tsne-mp,84c9bdcb388f6fd77cf58ccdcd6b9d298017389a,1377530868,Total,17,3105,2550,265,290
tsne-mp,20b3f1b7eab67ebf08294a2f16e9753d7a547069,1377477813,Autoconf,1,3,3,0,0
tsne-mp,20b3f1b7eab67ebf08294a2f16e9753d7a547069,1377477813,C Header,3,370,245,55,70
tsne-mp,20b3f1b7eab67ebf08294a2f16e9753d7a547069,1377477813,C++,2,1234,833,205,196
tsne-mp,20b3f1b7eab67ebf08294a2f16e9753d7a547069,1377477813,Makefile,1,10,8,0,2
tsne-mp,20b3f1b7eab67ebf08294a2f16e9753d7a547069,1377477813,Markdown,1,47,47,0,0
tsne-mp,20b3f1b7eab67ebf08294a2f16e9753d7a547069,1377477813,Notebook,2,1160,1160,0,0
tsne-mp,20b3f1b7eab67ebf08294a2f16e9753d7a547069,1377477813,Objective C,1,83,75,0,8
tsne-mp,20b3f1b7eab67ebf08294a2f16e9753d7a547069,1377477813,Python,2,89,70,5,14
tsne-mp,20b3f1b7eab67ebf08294a2f16e9753d7a547069,1377477813,Plain Text,4,109,109,0,0
tsne-mp,20b3f1b7eab67ebf08294a2f16e9753d7a547069,1377477813,Total,17,3105,2550,265,290
tsne-mp,d874516817d3eacfc5707725e06441a60d87a5a5,1377475625,Autoconf,1,3,3,0,0
tsne-mp,d874516817d3eacfc5707725e06441a60d87a5a5,1377475625,C Header,3,370,245,55,70
tsne-mp,d874516817d3eacfc5707725e06441a60d87a5a5,1377475625,C++,2,1234,833,205,196
tsne-mp,d874516817d3eacfc5707725e06441a60d87a5a5,1377475625,Makefile,1,10,8,0,2
tsne-mp,d874516817d3eacfc5707725e06441a60d87a5a5,1377475625,Markdown,1,44,44,0,0
tsne-mp,d874516817d3eacfc5707725e06441a60d87a5a5,1377475625,Notebook,1,116,116,0,0
tsne-mp,d874516817d3eacfc5707725e06441a60d87a5a5,1377475625,Objective C,1,83,75,0,8
tsne-mp,d874516817d3eacfc5707725e06441a60d87a5a5,1377475625,Python,2,89,70,5,14
tsne-mp,d874516817d3eacfc5707725e06441a60d87a5a5,1377475625,Plain Text,4,109,109,0,0
tsne-mp,d874516817d3eacfc5707725e06441a60d87a5a5,1377475625,Total,16,2058,1503,265,290
tsne-mp,498680e434ecd15eb6ed6ab0d2e2a3f55ddf9ad6,1377475550,Autoconf,1,3,3,0,0
tsne-mp,498680e434ecd15eb6ed6ab0d2e2a3f55ddf9ad6,1377475550,C Header,3,370,245,55,70
tsne-mp,498680e434ecd15eb6ed6ab0d2e2a3f55ddf9ad6,1377475550,C++,2,1234,833,205,196
tsne-mp,498680e434ecd15eb6ed6ab0d2e2a3f55ddf9ad6,1377475550,Makefile,1,10,8,0,2
tsne-mp,498680e434ecd15eb6ed6ab0d2e2a3f55ddf9ad6,1377475550,Markdown,1,44,44,0,0
tsne-mp,498680e434ecd15eb6ed6ab0d2e2a3f55ddf9ad6,1377475550,Notebook,1,116,116,0,0
tsne-mp,498680e434ecd15eb6ed6ab0d2e2a3f55ddf9ad6,1377475550,Objective C,1,83,75,0,8
tsne-mp,498680e434ecd15eb6ed6ab0d2e2a3f55ddf9ad6,1377475550,Python,2,89,70,5,14
tsne-mp,498680e434ecd15eb6ed6ab0d2e2a3f55ddf9ad6,1377475550,Plain Text,4,109,109,0,0
tsne-mp,498680e434ecd15eb6ed6ab0d2e2a3f55ddf9ad6,1377475550,Total,16,2058,1503,265,290
tsne-mp,39765b255612b293869348bcc74818c835df4e3d,1377475432,Autoconf,1,3,3,0,0
tsne-mp,39765b255612b293869348bcc74818c835df4e3d,1377475432,C Header,3,370,245,55,70
tsne-mp,39765b255612b293869348bcc74818c835df4e3d,1377475432,C++,2,1234,833,205,196
tsne-mp,39765b255612b293869348bcc74818c835df4e3d,1377475432,Makefile,1,10,8,0,2
tsne-mp,39765b255612b293869348bcc74818c835df4e3d,1377475432,Markdown,1,44,44,0,0
tsne-mp,39765b255612b293869348bcc74818c835df4e3d,1377475432,Notebook,1,116,116,0,0
tsne-mp,39765b255612b293869348bcc74818c835df4e3d,1377475432,Objective C,1,83,75,0,8
tsne-mp,39765b255612b293869348bcc74818c835df4e3d,1377475432,Python,2,89,70,5,14
tsne-mp,39765b255612b293869348bcc74818c835df4e3d,1377475432,Plain Text,4,109,109,0,0
tsne-mp,39765b255612b293869348bcc74818c835df4e3d,1377475432,Total,16,2058,1503,265,290
tsne-mp,827df54912af388b0fe11f908383af08c82434d2,1377475383,Autoconf,1,3,3,0,0
tsne-mp,827df54912af388b0fe11f908383af08c82434d2,1377475383,C Header,3,370,245,55,70
tsne-mp,827df54912af388b0fe11f908383af08c82434d2,1377475383,C++,2,1234,833,205,196
tsne-mp,827df54912af388b0fe11f908383af08c82434d2,1377475383,Makefile,1,10,8,0,2
tsne-mp,827df54912af388b0fe11f908383af08c82434d2,1377475383,Markdown,1,44,44,0,0
tsne-mp,827df54912af388b0fe11f908383af08c82434d2,1377475383,Notebook,1,116,116,0,0
tsne-mp,827df54912af388b0fe11f908383af08c82434d2,1377475383,Objective C,1,83,75,0,8
tsne-mp,827df54912af388b0fe11f908383af08c82434d2,1377475383,Python,2,89,70,5,14
tsne-mp,827df54912af388b0fe11f908383af08c82434d2,1377475383,Plain Text,4,109,109,0,0
tsne-mp,827df54912af388b0fe11f908383af08c82434d2,1377475383,Total,16,2058,1503,265,290
tsne-mp,ca7ac82520bc90fb75cfef665d23fe0fc2f04f7f,1377391410,Autoconf,1,3,3,0,0
tsne-mp,ca7ac82520bc90fb75cfef665d23fe0fc2f04f7f,1377391410,C Header,3,370,245,55,70
tsne-mp,ca7ac82520bc90fb75cfef665d23fe0fc2f04f7f,1377391410,C++,2,1234,833,205,196
tsne-mp,ca7ac82520bc90fb75cfef665d23fe0fc2f04f7f,1377391410,Makefile,1,10,8,0,2
tsne-mp,ca7ac82520bc90fb75cfef665d23fe0fc2f04f7f,1377391410,Markdown,1,44,44,0,0
tsne-mp,ca7ac82520bc90fb75cfef665d23fe0fc2f04f7f,1377391410,Notebook,1,116,116,0,0
tsne-mp,ca7ac82520bc90fb75cfef665d23fe0fc2f04f7f,1377391410,Objective C,1,83,75,0,8
tsne-mp,ca7ac82520bc90fb75cfef665d23fe0fc2f04f7f,1377391410,Python,2,89,70,5,14
tsne-mp,ca7ac82520bc90fb75cfef665d23fe0fc2f04f7f,1377391410,Plain Text,4,109,109,0,0
tsne-mp,ca7ac82520bc90fb75cfef665d23fe0fc2f04f7f,1377391410,Total,16,2058,1503,265,290
tsne-mp,c022a44962c9d4dc0abf1d8e564cf443c1752b77,1377383331,C Header,3,370,245,55,70
tsne-mp,c022a44962c9d4dc0abf1d8e564cf443c1752b77,1377383331,C++,2,1234,833,205,196
tsne-mp,c022a44962c9d4dc0abf1d8e564cf443c1752b77,1377383331,Makefile,1,10,8,0,2
tsne-mp,c022a44962c9d4dc0abf1d8e564cf443c1752b77,1377383331,Markdown,1,44,44,0,0
tsne-mp,c022a44962c9d4dc0abf1d8e564cf443c1752b77,1377383331,Notebook,1,116,116,0,0
tsne-mp,c022a44962c9d4dc0abf1d8e564cf443c1752b77,1377383331,Objective C,1,83,75,0,8
tsne-mp,c022a44962c9d4dc0abf1d8e564cf443c1752b77,1377383331,Python,1,43,29,4,10
tsne-mp,c022a44962c9d4dc0abf1d8e564cf443c1752b77,1377383331,Plain Text,3,56,56,0,0
tsne-mp,c022a44962c9d4dc0abf1d8e564cf443c1752b77,1377383331,Total,13,1956,1406,264,286
tsne-mp,53fe72c81f24169e360ed2382c5c5b9f1d55f3f3,1377383306,C Header,3,370,245,55,70
tsne-mp,53fe72c81f24169e360ed2382c5c5b9f1d55f3f3,1377383306,C++,2,1234,833,205,196
tsne-mp,53fe72c81f24169e360ed2382c5c5b9f1d55f3f3,1377383306,Makefile,1,9,7,0,2
tsne-mp,53fe72c81f24169e360ed2382c5c5b9f1d55f3f3,1377383306,Markdown,1,44,44,0,0
tsne-mp,53fe72c81f24169e360ed2382c5c5b9f1d55f3f3,1377383306,Notebook,1,116,116,0,0
tsne-mp,53fe72c81f24169e360ed2382c5c5b9f1d55f3f3,1377383306,Objective C,1,83,75,0,8
tsne-mp,53fe72c81f24169e360ed2382c5c5b9f1d55f3f3,1377383306,Python,3,111,83,7,21
tsne-mp,53fe72c81f24169e360ed2382c5c5b9f1d55f3f3,1377383306,Plain Text,3,56,56,0,0
tsne-mp,53fe72c81f24169e360ed2382c5c5b9f1d55f3f3,1377383306,Total,15,2023,1459,267,297
tsne-mp,139505d5e632b457601733255d048d9bc3c85b7b,1377383294,C Header,3,370,245,55,70
tsne-mp,139505d5e632b457601733255d048d9bc3c85b7b,1377383294,C++,2,1234,833,205,196
tsne-mp,139505d5e632b457601733255d048d9bc3c85b7b,1377383294,Makefile,1,9,7,0,2
tsne-mp,139505d5e632b457601733255d048d9bc3c85b7b,1377383294,Markdown,1,44,44,0,0
tsne-mp,139505d5e632b457601733255d048d9bc3c85b7b,1377383294,Notebook,1,116,116,0,0
tsne-mp,139505d5e632b457601733255d048d9bc3c85b7b,1377383294,Objective C,1,83,75,0,8
tsne-mp,139505d5e632b457601733255d048d9bc3c85b7b,1377383294,Python,3,111,83,7,21
tsne-mp,139505d5e632b457601733255d048d9bc3c85b7b,1377383294,Plain Text,2,29,29,0,0
tsne-mp,139505d5e632b457601733255d048d9bc3c85b7b,1377383294,Total,14,1996,1432,267,297
tsne-mp,6410b6f7ef435ffce59138eb4f6949637460da2d,1377383281,C Header,3,370,245,55,70
tsne-mp,6410b6f7ef435ffce59138eb4f6949637460da2d,1377383281,C++,2,1234,833,205,196
tsne-mp,6410b6f7ef435ffce59138eb4f6949637460da2d,1377383281,Makefile,1,9,7,0,2
tsne-mp,6410b6f7ef435ffce59138eb4f6949637460da2d,1377383281,Markdown,1,44,44,0,0
tsne-mp,6410b6f7ef435ffce59138eb4f6949637460da2d,1377383281,Notebook,1,116,116,0,0
tsne-mp,6410b6f7ef435ffce59138eb4f6949637460da2d,1377383281,Objective C,1,83,75,0,8
tsne-mp,6410b6f7ef435ffce59138eb4f6949637460da2d,1377383281,Python,3,111,83,7,21
tsne-mp,6410b6f7ef435ffce59138eb4f6949637460da2d,1377383281,Plain Text,1,26,26,0,0
tsne-mp,6410b6f7ef435ffce59138eb4f6949637460da2d,1377383281,Total,13,1993,1429,267,297
tsne-mp,8b9ffba1f38f4a50f4880648c51d7e3c749cf357,1377383268,C Header,3,370,245,55,70
tsne-mp,8b9ffba1f38f4a50f4880648c51d7e3c749cf357,1377383268,C++,2,1234,833,205,196
tsne-mp,8b9ffba1f38f4a50f4880648c51d7e3c749cf357,1377383268,Makefile,1,9,7,0,2
tsne-mp,8b9ffba1f38f4a50f4880648c51d7e3c749cf357,1377383268,Markdown,1,44,44,0,0
tsne-mp,8b9ffba1f38f4a50f4880648c51d7e3c749cf357,1377383268,Objective C,1,83,75,0,8
tsne-mp,8b9ffba1f38f4a50f4880648c51d7e3c749cf357,1377383268,Python,3,111,83,7,21
tsne-mp,8b9ffba1f38f4a50f4880648c51d7e3c749cf357,1377383268,Plain Text,1,26,26,0,0
tsne-mp,8b9ffba1f38f4a50f4880648c51d7e3c749cf357,1377383268,Total,12,1877,1313,267,297
tsne-mp,e25dda9255c1f84ee18a2c3b0d6bf87f8fa56fd0,1377383258,C Header,3,370,245,55,70
tsne-mp,e25dda9255c1f84ee18a2c3b0d6bf87f8fa56fd0,1377383258,C++,2,1234,833,205,196
tsne-mp,e25dda9255c1f84ee18a2c3b0d6bf87f8fa56fd0,1377383258,Makefile,1,9,7,0,2
tsne-mp,e25dda9255c1f84ee18a2c3b0d6bf87f8fa56fd0,1377383258,Markdown,1,30,30,0,0
tsne-mp,e25dda9255c1f84ee18a2c3b0d6bf87f8fa56fd0,1377383258,Objective C,1,83,75,0,8
tsne-mp,e25dda9255c1f84ee18a2c3b0d6bf87f8fa56fd0,1377383258,Python,3,111,83,7,21
tsne-mp,e25dda9255c1f84ee18a2c3b0d6bf87f8fa56fd0,1377383258,Plain Text,1,26,26,0,0
tsne-mp,e25dda9255c1f84ee18a2c3b0d6bf87f8fa56fd0,1377383258,Total,12,1863,1299,267,297
tsne-mp,668ed9200992db71f143f0b1af08db04267c0518,1377378356,C Header,3,370,245,55,70
tsne-mp,668ed9200992db71f143f0b1af08db04267c0518,1377378356,C++,3,7534,5518,1474,542
tsne-mp,668ed9200992db71f143f0b1af08db04267c0518,1377378356,Makefile,1,9,7,0,2
tsne-mp,668ed9200992db71f143f0b1af08db04267c0518,1377378356,Markdown,1,30,30,0,0
tsne-mp,668ed9200992db71f143f0b1af08db04267c0518,1377378356,Objective C,1,83,75,0,8
tsne-mp,668ed9200992db71f143f0b1af08db04267c0518,1377378356,Python,3,111,83,7,21
tsne-mp,668ed9200992db71f143f0b1af08db04267c0518,1377378356,Plain Text,1,26,26,0,0
tsne-mp,668ed9200992db71f143f0b1af08db04267c0518,1377378356,Total,13,8163,5984,1536,643
tsne-mp,5d75075ba698c70f5a955715486000ec845618dd,1364054858,C Header,3,370,245,55,70
tsne-mp,5d75075ba698c70f5a955715486000ec845618dd,1364054858,C++,2,1234,833,205,196
tsne-mp,5d75075ba698c70f5a955715486000ec845618dd,1364054858,Makefile,1,9,7,0,2
tsne-mp,5d75075ba698c70f5a955715486000ec845618dd,1364054858,Markdown,1,30,30,0,0
tsne-mp,5d75075ba698c70f5a955715486000ec845618dd,1364054858,Objective C,1,83,75,0,8
tsne-mp,5d75075ba698c70f5a955715486000ec845618dd,1364054858,Python,3,114,84,6,24
tsne-mp,5d75075ba698c70f5a955715486000ec845618dd,1364054858,Plain Text,1,26,26,0,0
tsne-mp,5d75075ba698c70f5a955715486000ec845618dd,1364054858,Total,12,1866,1300,266,300
tsne-mp,48ef0b8ea6a7f4bb3d3e7e7dcd2659367210a414,1364044833,C Header,3,370,245,55,70
tsne-mp,48ef0b8ea6a7f4bb3d3e7e7dcd2659367210a414,1364044833,C++,2,1234,833,205,196
tsne-mp,48ef0b8ea6a7f4bb3d3e7e7dcd2659367210a414,1364044833,Makefile,1,9,7,0,2
tsne-mp,48ef0b8ea6a7f4bb3d3e7e7dcd2659367210a414,1364044833,Markdown,1,30,30,0,0
tsne-mp,48ef0b8ea6a7f4bb3d3e7e7dcd2659367210a414,1364044833,Objective C,1,83,75,0,8
tsne-mp,48ef0b8ea6a7f4bb3d3e7e7dcd2659367210a414,1364044833,Python,3,114,84,6,24
tsne-mp,48ef0b8ea6a7f4bb3d3e7e7dcd2659367210a414,1364044833,Plain Text,1,26,26,0,0
tsne-mp,48ef0b8ea6a7f4bb3d3e7e7dcd2659367210a414,1364044833,Total,12,1866,1300,266,300
tsne-mp,2cb12ec13f1fc8e66ba070a95470248422369a98,1364044300,C Header,3,370,245,55,70
tsne-mp,2cb12ec13f1fc8e66ba070a95470248422369a98,1364044300,C++,2,1234,833,205,196
tsne-mp,2cb12ec13f1fc8e66ba070a95470248422369a98,1364044300,Makefile,1,9,7,0,2
tsne-mp,2cb12ec13f1fc8e66ba070a95470248422369a98,1364044300,Markdown,1,30,30,0,0
tsne-mp,2cb12ec13f1fc8e66ba070a95470248422369a98,1364044300,Objective C,1,83,75,0,8
tsne-mp,2cb12ec13f1fc8e66ba070a95470248422369a98,1364044300,Python,3,114,84,6,24
tsne-mp,2cb12ec13f1fc8e66ba070a95470248422369a98,1364044300,Plain Text,1,26,26,0,0
tsne-mp,2cb12ec13f1fc8e66ba070a95470248422369a98,1364044300,Total,12,1866,1300,266,300
tsne-mp,8d1c3fa52829db39c14b135bb2581855d4ad0ea7,1364043616,C Header,3,370,245,55,70
tsne-mp,8d1c3fa52829db39c14b135bb2581855d4ad0ea7,1364043616,C++,2,1234,833,205,196
tsne-mp,8d1c3fa52829db39c14b135bb2581855d4ad0ea7,1364043616,Makefile,1,9,7,0,2
tsne-mp,8d1c3fa52829db39c14b135bb2581855d4ad0ea7,1364043616,Markdown,1,30,30,0,0
tsne-mp,8d1c3fa52829db39c14b135bb2581855d4ad0ea7,1364043616,Objective C,1,83,75,0,8
tsne-mp,8d1c3fa52829db39c14b135bb2581855d4ad0ea7,1364043616,Python,3,114,84,6,24
tsne-mp,8d1c3fa52829db39c14b135bb2581855d4ad0ea7,1364043616,Plain Text,1,26,26,0,0
tsne-mp,8d1c3fa52829db39c14b135bb2581855d4ad0ea7,1364043616,Total,12,1866,1300,266,300
tsne-mp,67fc1c825a779083ec031126777dbb09e051e927,1364042878,C Header,6,740,490,110,140
tsne-mp,67fc1c825a779083ec031126777dbb09e051e927,1364042878,C++,4,2468,1666,410,392
tsne-mp,67fc1c825a779083ec031126777dbb09e051e927,1364042878,Makefile,1,6,5,0,1
tsne-mp,67fc1c825a779083ec031126777dbb09e051e927,1364042878,Markdown,1,30,30,0,0
tsne-mp,67fc1c825a779083ec031126777dbb09e051e927,1364042878,Objective C,2,166,150,0,16
tsne-mp,67fc1c825a779083ec031126777dbb09e051e927,1364042878,Python,3,115,85,6,24
tsne-mp,67fc1c825a779083ec031126777dbb09e051e927,1364042878,Plain Text,2,52,52,0,0
tsne-mp,67fc1c825a779083ec031126777dbb09e051e927,1364042878,Total,19,3577,2478,526,573
tsne-mp,6dd04ed490c49c85bf91db2cb0bf2bed82b5967b,1364042826,C Header,3,370,245,55,70
tsne-mp,6dd04ed490c49c85bf91db2cb0bf2bed82b5967b,1364042826,C++,2,1234,833,205,196
tsne-mp,6dd04ed490c49c85bf91db2cb0bf2bed82b5967b,1364042826,Makefile,1,6,5,0,1
tsne-mp,6dd04ed490c49c85bf91db2cb0bf2bed82b5967b,1364042826,Markdown,1,30,30,0,0
tsne-mp,6dd04ed490c49c85bf91db2cb0bf2bed82b5967b,1364042826,Objective C,1,83,75,0,8
tsne-mp,6dd04ed490c49c85bf91db2cb0bf2bed82b5967b,1364042826,Python,3,115,85,6,24
tsne-mp,6dd04ed490c49c85bf91db2cb0bf2bed82b5967b,1364042826,Plain Text,1,26,26,0,0
tsne-mp,6dd04ed490c49c85bf91db2cb0bf2bed82b5967b,1364042826,Total,12,1864,1299,266,299
tsne-mp,d5d7ec0b9cfa99370c98f00abc8653feae5c59af,1363960746,C Header,3,370,245,55,70
tsne-mp,d5d7ec0b9cfa99370c98f00abc8653feae5c59af,1363960746,C++,2,1234,833,205,196
tsne-mp,d5d7ec0b9cfa99370c98f00abc8653feae5c59af,1363960746,Makefile,1,6,5,0,1
tsne-mp,d5d7ec0b9cfa99370c98f00abc8653feae5c59af,1363960746,Markdown,1,30,30,0,0
tsne-mp,d5d7ec0b9cfa99370c98f00abc8653feae5c59af,1363960746,Objective C,1,83,75,0,8
tsne-mp,d5d7ec0b9cfa99370c98f00abc8653feae5c59af,1363960746,Python,3,110,82,5,23
tsne-mp,d5d7ec0b9cfa99370c98f00abc8653feae5c59af,1363960746,Plain Text,1,26,26,0,0
tsne-mp,d5d7ec0b9cfa99370c98f00abc8653feae5c59af,1363960746,Total,12,1859,1296,265,298
tsne-mp,cffaccab52b2074683aae4fdb337e9daa0466659,1363958276,C Header,3,370,245,55,70
tsne-mp,cffaccab52b2074683aae4fdb337e9daa0466659,1363958276,C++,2,1234,833,205,196
tsne-mp,cffaccab52b2074683aae4fdb337e9daa0466659,1363958276,Makefile,1,5,4,0,1
tsne-mp,cffaccab52b2074683aae4fdb337e9daa0466659,1363958276,Markdown,1,30,30,0,0
tsne-mp,cffaccab52b2074683aae4fdb337e9daa0466659,1363958276,Objective C,1,83,75,0,8
tsne-mp,cffaccab52b2074683aae4fdb337e9daa0466659,1363958276,Python,3,109,81,5,23
tsne-mp,cffaccab52b2074683aae4fdb337e9daa0466659,1363958276,Plain Text,1,26,26,0,0
tsne-mp,cffaccab52b2074683aae4fdb337e9daa0466659,1363958276,Total,12,1857,1294,265,298
tsne-mp,1881a5171ad42450b6af201d05d94f9245d22948,1363957773,C Header,3,370,245,55,70
tsne-mp,1881a5171ad42450b6af201d05d94f9245d22948,1363957773,C++,3,7222,5199,1469,554
tsne-mp,1881a5171ad42450b6af201d05d94f9245d22948,1363957773,Makefile,1,5,4,0,1
tsne-mp,1881a5171ad42450b6af201d05d94f9245d22948,1363957773,Markdown,1,30,30,0,0
tsne-mp,1881a5171ad42450b6af201d05d94f9245d22948,1363957773,Objective C,1,83,75,0,8
tsne-mp,1881a5171ad42450b6af201d05d94f9245d22948,1363957773,Python,3,109,81,5,23
tsne-mp,1881a5171ad42450b6af201d05d94f9245d22948,1363957773,Plain Text,1,26,26,0,0
tsne-mp,1881a5171ad42450b6af201d05d94f9245d22948,1363957773,Total,13,7845,5660,1529,656
tsne-mp,9f1b8007267cd62d368225500738aea3e027d7fb,1363607227,C Header,3,370,245,55,70
tsne-mp,9f1b8007267cd62d368225500738aea3e027d7fb,1363607227,C++,3,7222,5199,1469,554
tsne-mp,9f1b8007267cd62d368225500738aea3e027d7fb,1363607227,Makefile,1,5,4,0,1
tsne-mp,9f1b8007267cd62d368225500738aea3e027d7fb,1363607227,Markdown,1,30,30,0,0
tsne-mp,9f1b8007267cd62d368225500738aea3e027d7fb,1363607227,Objective C,1,83,75,0,8
tsne-mp,9f1b8007267cd62d368225500738aea3e027d7fb,1363607227,Python,3,109,81,5,23
tsne-mp,9f1b8007267cd62d368225500738aea3e027d7fb,1363607227,Plain Text,1,139,139,0,0
tsne-mp,9f1b8007267cd62d368225500738aea3e027d7fb,1363607227,Total,13,7958,5773,1529,656
tsne-mp,d50a9b06ad1022dc3055c46a1c396537436e02d9,1363606904,C Header,3,370,245,55,70
tsne-mp,d50a9b06ad1022dc3055c46a1c396537436e02d9,1363606904,C++,3,7222,5199,1469,554
tsne-mp,d50a9b06ad1022dc3055c46a1c396537436e02d9,1363606904,Makefile,1,5,4,0,1
tsne-mp,d50a9b06ad1022dc3055c46a1c396537436e02d9,1363606904,Markdown,1,30,30,0,0
tsne-mp,d50a9b06ad1022dc3055c46a1c396537436e02d9,1363606904,Objective C,1,83,75,0,8
tsne-mp,d50a9b06ad1022dc3055c46a1c396537436e02d9,1363606904,Python,3,109,81,5,23
tsne-mp,d50a9b06ad1022dc3055c46a1c396537436e02d9,1363606904,Plain Text,1,139,139,0,0
tsne-mp,d50a9b06ad1022dc3055c46a1c396537436e02d9,1363606904,Total,13,7958,5773,1529,656
tsne-mp,9da1c06d43051334113ddacdc64f00779cdf5310,1363606867,C Header,3,370,245,55,70
tsne-mp,9da1c06d43051334113ddacdc64f00779cdf5310,1363606867,C++,3,7222,5199,1469,554
tsne-mp,9da1c06d43051334113ddacdc64f00779cdf5310,1363606867,Makefile,1,5,4,0,1
tsne-mp,9da1c06d43051334113ddacdc64f00779cdf5310,1363606867,Objective C,1,83,75,0,8
tsne-mp,9da1c06d43051334113ddacdc64f00779cdf5310,1363606867,Python,2,72,54,3,15
tsne-mp,9da1c06d43051334113ddacdc64f00779cdf5310,1363606867,Plain Text,1,139,139,0,0
tsne-mp,9da1c06d43051334113ddacdc64f00779cdf5310,1363606867,Total,11,7891,5716,1527,648
tsne-mp,60a4a5122e178b37504d6f8e72222463b44524b8,1363606103,C Header,3,370,245,55,70
tsne-mp,60a4a5122e178b37504d6f8e72222463b44524b8,1363606103,C++,2,1234,833,205,196
tsne-mp,60a4a5122e178b37504d6f8e72222463b44524b8,1363606103,Objective C,1,83,75,0,8
tsne-mp,60a4a5122e178b37504d6f8e72222463b44524b8,1363606103,Plain Text,1,139,139,0,0
tsne-mp,60a4a5122e178b37504d6f8e72222463b44524b8,1363606103,Total,7,1826,1292,260,274
tsne-mp,802172f80c3971144109720e35ab965410b3fbe2,1363605715,C Header,3,370,245,55,70
tsne-mp,802172f80c3971144109720e35ab965410b3fbe2,1363605715,C++,2,1234,855,177,202
tsne-mp,802172f80c3971144109720e35ab965410b3fbe2,1363605715,Objective C,1,83,75,0,8
tsne-mp,802172f80c3971144109720e35ab965410b3fbe2,1363605715,Plain Text,1,139,139,0,0
tsne-mp,802172f80c3971144109720e35ab965410b3fbe2,1363605715,Total,7,1826,1314,232,280
